Timestamp,Bin ID,Location,Level (cm),Status
2025-04-09 14:18:45.423315,BIN_01,Sahid Nagar,24,OK
2025-04-09 14:18:45.424403,BIN_02,Patia,1,OK
2025-04-09 14:18:45.424403,BIN_03,Old Town,44,FULL
2025-04-09 14:18:55.426691,BIN_01,Sahid Nagar,29,OK
2025-04-09 14:18:55.430786,BIN_02,Patia,10,OK
2025-04-09 14:18:55.432944,BIN_03,Old Town,22,OK
2025-04-09 14:19:05.456781,BIN_01,Sahid Nagar,46,FULL
2025-04-09 14:19:05.464495,BIN_02,Patia,4,OK
2025-04-09 14:19:05.466490,BIN_03,Old Town,45,FULL
2025-04-09 14:19:15.468952,BIN_01,Sahid Nagar,39,OK
2025-04-09 14:19:15.470970,BIN_02,Patia,47,FULL
2025-04-09 14:19:15.472969,BIN_03,Old Town,27,OK
2025-04-09 14:19:25.484544,BIN_01,Sahid Nagar,41,FULL
2025-04-09 14:19:25.486561,BIN_02,Patia,43,FULL
2025-04-09 14:19:25.500576,BIN_03,Old Town,26,OK
2025-04-09 14:19:35.502287,BIN_01,Sahid Nagar,11,OK
2025-04-09 14:19:35.504293,BIN_02,Patia,30,OK
2025-04-09 14:19:35.509299,BIN_03,Old Town,43,FULL
2025-04-09 14:19:45.514068,BIN_01,Sahid Nagar,18,OK
2025-04-09 14:19:45.515593,BIN_02,Patia,47,FULL
2025-04-09 14:19:45.518059,BIN_03,Old Town,9,OK
2025-04-09 14:19:55.524799,BIN_01,Sahid Nagar,43,FULL
2025-04-09 14:19:55.526822,BIN_02,Patia,34,OK
2025-04-09 14:19:55.527823,BIN_03,Old Town,13,OK
2025-04-09 14:20:05.530033,BIN_01,Sahid Nagar,11,OK
2025-04-09 14:20:05.532069,BIN_02,Patia,21,OK
2025-04-09 14:20:05.534068,BIN_03,Old Town,12,OK
2025-04-09 14:20:15.536055,BIN_01,Sahid Nagar,30,OK
2025-04-09 14:20:15.539602,BIN_02,Patia,33,OK
2025-04-09 14:20:15.547783,BIN_03,Old Town,37,OK
2025-04-09 14:20:25.549419,BIN_01,Sahid Nagar,6,OK
2025-04-09 14:20:25.552413,BIN_02,Patia,17,OK
2025-04-09 14:20:25.554429,BIN_03,Old Town,20,OK
2025-04-09 14:20:35.565852,BIN_01,Sahid Nagar,7,OK
2025-04-09 14:20:35.568876,BIN_02,Patia,2,OK
2025-04-09 14:20:35.570872,BIN_03,Old Town,21,OK
2025-04-09 14:20:45.578092,BIN_01,Sahid Nagar,32,OK
2025-04-09 14:20:45.580109,BIN_02,Patia,16,OK
2025-04-09 14:20:45.582114,BIN_03,Old Town,11,OK
2025-04-09 14:20:55.589108,BIN_01,Sahid Nagar,16,OK
2025-04-09 14:20:55.591454,BIN_02,Patia,20,OK
2025-04-09 14:20:55.592990,BIN_03,Old Town,39,OK
2025-04-09 14:21:05.595048,BIN_01,Sahid Nagar,8,OK
2025-04-09 14:21:05.599110,BIN_02,Patia,42,FULL
2025-04-09 14:21:05.602108,BIN_03,Old Town,16,OK
2025-04-09 14:21:15.609738,BIN_01,Sahid Nagar,7,OK
2025-04-09 14:21:15.611763,BIN_02,Patia,4,OK
2025-04-09 14:21:15.613758,BIN_03,Old Town,26,OK
2025-04-09 14:21:25.619194,BIN_01,Sahid Nagar,1,OK
2025-04-09 14:21:25.623737,BIN_02,Patia,0,OK
2025-04-09 14:21:25.628729,BIN_03,Old Town,5,OK
2025-04-09 14:21:35.638670,BIN_01,Sahid Nagar,38,OK
2025-04-09 14:21:35.641062,BIN_02,Patia,5,OK
2025-04-09 14:21:35.643155,BIN_03,Old Town,28,OK
2025-04-09 14:21:45.646723,BIN_01,Sahid Nagar,22,OK
2025-04-09 14:21:45.648006,BIN_02,Patia,8,OK
2025-04-09 14:21:45.650190,BIN_03,Old Town,31,OK
2025-04-09 14:21:55.652568,BIN_01,Sahid Nagar,7,OK
2025-04-09 14:21:55.652568,BIN_02,Patia,8,OK
2025-04-09 14:21:55.653765,BIN_03,Old Town,32,OK
2025-04-09 14:22:05.654411,BIN_01,Sahid Nagar,47,FULL
2025-04-09 14:22:05.655417,BIN_02,Patia,35,OK
2025-04-09 14:22:05.656420,BIN_03,Old Town,18,OK
2025-04-09 14:22:15.660144,BIN_01,Sahid Nagar,50,FULL
2025-04-09 14:22:15.669145,BIN_02,Patia,39,OK
2025-04-09 14:22:15.670258,BIN_03,Old Town,33,OK
2025-04-09 14:22:25.672428,BIN_01,Sahid Nagar,30,OK
2025-04-09 14:22:25.677920,BIN_02,Patia,9,OK
2025-04-09 14:22:25.679970,BIN_03,Old Town,35,OK
2025-04-09 14:22:35.684336,BIN_01,Sahid Nagar,0,OK
2025-04-09 14:22:35.686357,BIN_02,Patia,36,OK
2025-04-09 14:22:35.687354,BIN_03,Old Town,40,FULL
2025-04-09 14:22:45.689938,BIN_01,Sahid Nagar,45,FULL
2025-04-09 14:22:45.693418,BIN_02,Patia,1,OK
2025-04-09 14:22:45.696415,BIN_03,Old Town,14,OK
2025-04-09 14:22:55.702393,BIN_01,Sahid Nagar,50,FULL
2025-04-09 14:22:55.705750,BIN_02,Patia,21,OK
2025-04-09 14:22:55.712745,BIN_03,Old Town,24,OK
2025-04-09 14:23:05.714601,BIN_01,Sahid Nagar,31,OK
2025-04-09 14:23:05.720665,BIN_02,Patia,11,OK
2025-04-09 14:23:05.726897,BIN_03,Old Town,37,OK
2025-04-09 14:23:15.729852,BIN_01,Sahid Nagar,21,OK
2025-04-09 14:23:15.731088,BIN_02,Patia,39,OK
2025-04-09 14:23:15.732264,BIN_03,Old Town,45,FULL
2025-04-09 14:23:25.735002,BIN_01,Sahid Nagar,19,OK
2025-04-09 14:23:25.739942,BIN_02,Patia,47,FULL
2025-04-09 14:23:25.740961,BIN_03,Old Town,8,OK
2025-04-09 14:23:35.747344,BIN_01,Sahid Nagar,49,FULL
2025-04-09 14:23:35.750346,BIN_02,Patia,3,OK
2025-04-09 14:23:35.753511,BIN_03,Old Town,27,OK
2025-04-09 14:23:45.757920,BIN_01,Sahid Nagar,25,OK
2025-04-09 14:23:45.760257,BIN_02,Patia,6,OK
2025-04-09 14:23:45.762434,BIN_03,Old Town,14,OK
2025-04-09 14:23:55.766859,BIN_01,Sahid Nagar,12,OK
2025-04-09 14:23:55.769872,BIN_02,Patia,29,OK
2025-04-09 14:23:55.770871,BIN_03,Old Town,36,OK
2025-04-09 14:24:05.776314,BIN_01,Sahid Nagar,31,OK
2025-04-09 14:24:05.780754,BIN_02,Patia,23,OK
2025-04-09 14:24:05.783753,BIN_03,Old Town,4,OK
2025-04-09 14:24:15.788991,BIN_01,Sahid Nagar,7,OK
2025-04-09 14:24:15.791035,BIN_02,Patia,10,OK
2025-04-09 14:24:15.793031,BIN_03,Old Town,36,OK
2025-04-09 14:24:25.796298,BIN_01,Sahid Nagar,37,OK
2025-04-09 14:24:25.798682,BIN_02,Patia,43,FULL
2025-04-09 14:24:25.802293,BIN_03,Old Town,0,OK
2025-04-09 14:24:35.806189,BIN_01,Sahid Nagar,48,FULL
2025-04-09 14:24:35.807201,BIN_02,Patia,16,OK
2025-04-09 14:24:35.808201,BIN_03,Old Town,43,FULL
2025-04-09 14:24:45.809941,BIN_01,Sahid Nagar,45,FULL
2025-04-09 14:24:45.813617,BIN_02,Patia,3,OK
2025-04-09 14:24:45.815632,BIN_03,Old Town,0,OK
2025-04-09 14:24:55.818868,BIN_01,Sahid Nagar,29,OK
2025-04-09 14:24:55.823925,BIN_02,Patia,5,OK
2025-04-09 14:24:55.826599,BIN_03,Old Town,2,OK
2025-04-09 14:25:05.831494,BIN_01,Sahid Nagar,34,OK
2025-04-09 14:25:05.837550,BIN_02,Patia,28,OK
2025-04-09 14:25:05.842266,BIN_03,Old Town,2,OK
2025-04-09 14:25:15.845164,BIN_01,Sahid Nagar,16,OK
2025-04-09 14:25:15.848200,BIN_02,Patia,49,FULL
2025-04-09 14:25:15.849199,BIN_03,Old Town,9,OK
2025-04-09 14:25:25.854749,BIN_01,Sahid Nagar,9,OK
2025-04-09 14:25:25.857202,BIN_02,Patia,1,OK
2025-04-09 14:25:25.859218,BIN_03,Old Town,39,OK
2025-04-09 14:25:36.071826,BIN_01,Sahid Nagar,46,FULL
2025-04-09 14:25:36.074928,BIN_02,Patia,40,FULL
2025-04-09 14:25:36.077393,BIN_03,Old Town,28,OK
2025-04-09 14:25:46.085006,BIN_01,Sahid Nagar,17,OK
2025-04-09 14:25:46.086611,BIN_02,Patia,10,OK
2025-04-09 14:25:46.087620,BIN_03,Old Town,36,OK
2025-04-09 14:25:56.089387,BIN_01,Sahid Nagar,22,OK
2025-04-09 14:25:56.094452,BIN_02,Patia,5,OK
2025-04-09 14:25:56.100450,BIN_03,Old Town,0,OK
2025-04-09 14:26:06.102539,BIN_01,Sahid Nagar,21,OK
2025-04-09 14:26:06.104558,BIN_02,Patia,43,FULL
2025-04-09 14:26:06.106557,BIN_03,Old Town,4,OK
2025-04-09 14:26:16.110634,BIN_01,Sahid Nagar,38,OK
2025-04-09 14:26:16.114431,BIN_02,Patia,14,OK
2025-04-09 14:26:16.118973,BIN_03,Old Town,12,OK
2025-04-09 14:26:26.122094,BIN_01,Sahid Nagar,26,OK
2025-04-09 14:26:26.124112,BIN_02,Patia,1,OK
2025-04-09 14:26:26.125118,BIN_03,Old Town,8,OK
2025-04-09 14:26:36.127100,BIN_01,Sahid Nagar,41,FULL
2025-04-09 14:26:36.130148,BIN_02,Patia,35,OK
2025-04-09 14:26:36.132350,BIN_03,Old Town,8,OK
2025-04-09 14:26:46.135209,BIN_01,Sahid Nagar,30,OK
2025-04-09 14:26:46.137732,BIN_02,Patia,2,OK
2025-04-09 14:26:46.140268,BIN_03,Old Town,10,OK
2025-04-09 14:26:56.144149,BIN_01,Sahid Nagar,19,OK
2025-04-09 14:26:56.148063,BIN_02,Patia,20,OK
2025-04-09 14:26:56.154318,BIN_03,Old Town,32,OK
2025-04-09 14:27:06.156642,BIN_01,Sahid Nagar,48,FULL
2025-04-09 14:27:06.159042,BIN_02,Patia,19,OK
2025-04-09 14:27:06.167112,BIN_03,Old Town,41,FULL
2025-04-09 14:27:16.178194,BIN_01,Sahid Nagar,23,OK
2025-04-09 14:27:16.181231,BIN_02,Patia,23,OK
2025-04-09 14:27:16.185416,BIN_03,Old Town,50,FULL
2025-04-09 14:27:26.189846,BIN_01,Sahid Nagar,7,OK
2025-04-09 14:27:26.193309,BIN_02,Patia,33,OK
2025-04-09 14:27:26.195341,BIN_03,Old Town,26,OK
2025-04-09 14:27:36.200198,BIN_01,Sahid Nagar,14,OK
2025-04-09 14:27:36.201204,BIN_02,Patia,18,OK
2025-04-09 14:27:36.201204,BIN_03,Old Town,12,OK
2025-04-09 14:27:46.203206,BIN_01,Sahid Nagar,3,OK
2025-04-09 14:27:46.206384,BIN_02,Patia,36,OK
2025-04-09 14:27:46.209380,BIN_03,Old Town,49,FULL
2025-04-09 14:27:56.384015,BIN_01,Sahid Nagar,36,OK
2025-04-09 14:27:56.385036,BIN_02,Patia,32,OK
2025-04-09 14:27:56.387017,BIN_03,Old Town,2,OK
2025-04-09 14:28:06.390460,BIN_01,Sahid Nagar,49,FULL
2025-04-09 14:28:06.396867,BIN_02,Patia,42,FULL
2025-04-09 14:28:06.401688,BIN_03,Old Town,11,OK
2025-04-09 14:28:16.403929,BIN_01,Sahid Nagar,28,OK
2025-04-09 14:28:16.406333,BIN_02,Patia,47,FULL
2025-04-09 14:28:16.407347,BIN_03,Old Town,2,OK
2025-04-09 14:28:26.409908,BIN_01,Sahid Nagar,1,OK
2025-04-09 14:28:26.412929,BIN_02,Patia,18,OK
2025-04-09 14:28:26.414929,BIN_03,Old Town,41,FULL
2025-04-09 14:28:36.418696,BIN_01,Sahid Nagar,44,FULL
2025-04-09 14:28:36.419710,BIN_02,Patia,22,OK
2025-04-09 14:28:36.420705,BIN_03,Old Town,50,FULL
2025-04-09 14:28:46.422530,BIN_01,Sahid Nagar,30,OK
2025-04-09 14:28:46.424567,BIN_02,Patia,35,OK
2025-04-09 14:28:46.428509,BIN_03,Old Town,28,OK
2025-04-09 14:28:56.433188,BIN_01,Sahid Nagar,15,OK
2025-04-09 14:28:56.437250,BIN_02,Patia,45,FULL
2025-04-09 14:28:56.441241,BIN_03,Old Town,17,OK
2025-04-09 14:29:06.449338,BIN_01,Sahid Nagar,11,OK
2025-04-09 14:29:06.454038,BIN_02,Patia,26,OK
2025-04-09 14:29:06.464589,BIN_03,Old Town,22,OK
2025-04-09 14:29:16.466858,BIN_01,Sahid Nagar,7,OK
2025-04-09 14:29:16.471180,BIN_02,Patia,32,OK
2025-04-09 14:29:16.474667,BIN_03,Old Town,34,OK
2025-04-09 14:29:26.477711,BIN_01,Sahid Nagar,29,OK
2025-04-09 14:29:26.481750,BIN_02,Patia,38,OK
2025-04-09 14:29:26.486130,BIN_03,Old Town,7,OK
2025-04-09 14:29:36.490018,BIN_01,Sahid Nagar,28,OK
2025-04-09 14:29:36.494063,BIN_02,Patia,8,OK
2025-04-09 14:29:36.496063,BIN_03,Old Town,44,FULL
2025-04-09 14:29:46.500500,BIN_01,Sahid Nagar,10,OK
2025-04-09 14:29:46.519492,BIN_02,Patia,12,OK
2025-04-09 14:29:46.522395,BIN_03,Old Town,16,OK
2025-04-09 14:29:56.524722,BIN_01,Sahid Nagar,23,OK
2025-04-09 14:29:56.527448,BIN_02,Patia,9,OK
2025-04-09 14:29:56.531341,BIN_03,Old Town,41,FULL
2025-04-09 14:30:06.544534,BIN_01,Sahid Nagar,31,OK
2025-04-09 14:30:06.546551,BIN_02,Patia,3,OK
2025-04-09 14:30:06.548553,BIN_03,Old Town,42,FULL
2025-04-09 14:30:16.550930,BIN_01,Sahid Nagar,10,OK
2025-04-09 14:30:16.571007,BIN_02,Patia,40,FULL
2025-04-09 14:30:16.573007,BIN_03,Old Town,48,FULL
2025-04-09 14:30:26.579595,BIN_01,Sahid Nagar,17,OK
2025-04-09 14:30:26.583773,BIN_02,Patia,5,OK
2025-04-09 14:30:26.586466,BIN_03,Old Town,8,OK
2025-04-09 14:30:36.590952,BIN_01,Sahid Nagar,30,OK
2025-04-09 14:30:36.592459,BIN_02,Patia,3,OK
2025-04-09 14:30:36.593479,BIN_03,Old Town,10,OK
2025-04-09 14:30:46.595361,BIN_01,Sahid Nagar,14,OK
2025-04-09 14:30:46.597381,BIN_02,Patia,41,FULL
2025-04-09 14:30:46.598905,BIN_03,Old Town,47,FULL
2025-04-09 14:30:56.600908,BIN_01,Sahid Nagar,11,OK
2025-04-09 14:30:56.603710,BIN_02,Patia,5,OK
2025-04-09 14:30:56.606673,BIN_03,Old Town,19,OK
2025-04-09 14:31:06.610806,BIN_01,Sahid Nagar,48,FULL
2025-04-09 14:31:06.612123,BIN_02,Patia,48,FULL
2025-04-09 14:31:06.614125,BIN_03,Old Town,13,OK
2025-04-09 14:31:16.615514,BIN_01,Sahid Nagar,45,FULL
2025-04-09 14:31:16.617535,BIN_02,Patia,42,FULL
2025-04-09 14:31:16.619532,BIN_03,Old Town,18,OK
2025-04-09 14:31:26.622120,BIN_01,Sahid Nagar,22,OK
2025-04-09 14:31:26.624497,BIN_02,Patia,45,FULL
2025-04-09 14:31:26.626512,BIN_03,Old Town,0,OK
2025-04-09 14:31:36.634333,BIN_01,Sahid Nagar,41,FULL
2025-04-09 14:31:36.636347,BIN_02,Patia,21,OK
2025-04-09 14:31:36.639036,BIN_03,Old Town,49,FULL
2025-04-09 14:31:46.643666,BIN_01,Sahid Nagar,43,FULL
2025-04-09 14:31:46.647543,BIN_02,Patia,30,OK
2025-04-09 14:31:46.648567,BIN_03,Old Town,8,OK
2025-04-09 14:31:56.653326,BIN_01,Sahid Nagar,42,FULL
2025-04-09 14:31:56.655324,BIN_02,Patia,50,FULL
2025-04-09 14:31:56.657328,BIN_03,Old Town,44,FULL
2025-04-09 14:32:06.666040,BIN_01,Sahid Nagar,11,OK
2025-04-09 14:32:06.667076,BIN_02,Patia,14,OK
2025-04-09 14:32:06.669518,BIN_03,Old Town,12,OK
2025-04-09 14:32:16.672652,BIN_01,Sahid Nagar,32,OK
2025-04-09 14:32:16.677673,BIN_02,Patia,15,OK
2025-04-09 14:32:16.680676,BIN_03,Old Town,40,FULL
2025-04-09 14:32:26.683681,BIN_01,Sahid Nagar,49,FULL
2025-04-09 14:32:26.687075,BIN_02,Patia,32,OK
2025-04-09 14:32:26.688079,BIN_03,Old Town,5,OK
2025-04-09 14:32:36.691447,BIN_01,Sahid Nagar,0,OK
2025-04-09 14:32:36.693924,BIN_02,Patia,5,OK
2025-04-09 14:32:36.695917,BIN_03,Old Town,0,OK
2025-04-09 14:32:46.698708,BIN_01,Sahid Nagar,16,OK
2025-04-09 14:32:46.699968,BIN_02,Patia,39,OK
2025-04-09 14:32:46.701968,BIN_03,Old Town,26,OK
2025-04-09 14:32:56.703977,BIN_01,Sahid Nagar,12,OK
2025-04-09 14:32:56.707040,BIN_02,Patia,6,OK
2025-04-09 14:32:56.709034,BIN_03,Old Town,35,OK
2025-04-09 14:33:06.713698,BIN_01,Sahid Nagar,23,OK
2025-04-09 14:33:06.717464,BIN_02,Patia,12,OK
2025-04-09 14:33:06.718457,BIN_03,Old Town,33,OK
2025-04-09 14:33:16.720296,BIN_01,Sahid Nagar,2,OK
2025-04-09 14:33:16.724342,BIN_02,Patia,33,OK
2025-04-09 14:33:16.726346,BIN_03,Old Town,0,OK
2025-04-09 14:33:26.730578,BIN_01,Sahid Nagar,20,OK
2025-04-09 14:33:26.732626,BIN_02,Patia,46,FULL
2025-04-09 14:33:26.735082,BIN_03,Old Town,5,OK
2025-04-09 14:33:36.737165,BIN_01,Sahid Nagar,9,OK
2025-04-09 14:33:36.739199,BIN_02,Patia,26,OK
2025-04-09 14:33:36.742199,BIN_03,Old Town,49,FULL
2025-04-09 14:33:46.744050,BIN_01,Sahid Nagar,2,OK
2025-04-09 14:33:46.749055,BIN_02,Patia,12,OK
2025-04-09 14:33:46.752053,BIN_03,Old Town,0,OK
2025-04-09 14:33:56.755046,BIN_01,Sahid Nagar,33,OK
2025-04-09 14:33:56.758072,BIN_02,Patia,6,OK
2025-04-09 14:33:56.760070,BIN_03,Old Town,0,OK
2025-04-09 14:34:06.764431,BIN_01,Sahid Nagar,6,OK
2025-04-09 14:34:06.767949,BIN_02,Patia,48,FULL
2025-04-09 14:34:06.768963,BIN_03,Old Town,18,OK
2025-04-09 14:34:16.771688,BIN_01,Sahid Nagar,2,OK
2025-04-09 14:34:16.774879,BIN_02,Patia,31,OK
2025-04-09 14:34:16.776913,BIN_03,Old Town,18,OK
2025-04-09 14:34:26.780843,BIN_01,Sahid Nagar,40,FULL
2025-04-09 14:34:26.782844,BIN_02,Patia,31,OK
2025-04-09 14:34:26.786342,BIN_03,Old Town,11,OK
2025-04-09 14:34:36.788497,BIN_01,Sahid Nagar,31,OK
2025-04-09 14:34:36.789480,BIN_02,Patia,7,OK
2025-04-09 14:34:36.792357,BIN_03,Old Town,41,FULL
2025-04-09 14:34:46.795035,BIN_01,Sahid Nagar,26,OK
2025-04-09 14:34:46.796557,BIN_02,Patia,41,FULL
2025-04-09 14:34:46.797556,BIN_03,Old Town,3,OK
2025-04-09 14:34:56.800233,BIN_01,Sahid Nagar,2,OK
2025-04-09 14:34:56.802677,BIN_02,Patia,49,FULL
2025-04-09 14:34:56.804673,BIN_03,Old Town,2,OK
2025-04-09 14:35:06.807753,BIN_01,Sahid Nagar,26,OK
2025-04-09 14:35:06.810796,BIN_02,Patia,27,OK
2025-04-09 14:35:06.811799,BIN_03,Old Town,22,OK
2025-04-09 14:35:16.815143,BIN_01,Sahid Nagar,6,OK
2025-04-09 14:35:16.818187,BIN_02,Patia,20,OK
2025-04-09 14:35:16.819710,BIN_03,Old Town,20,OK
2025-04-09 14:35:26.822900,BIN_01,Sahid Nagar,11,OK
2025-04-09 14:35:26.824230,BIN_02,Patia,9,OK
2025-04-09 14:35:26.829327,BIN_03,Old Town,28,OK
2025-04-09 14:35:36.831929,BIN_01,Sahid Nagar,25,OK
2025-04-09 14:35:36.835101,BIN_02,Patia,5,OK
2025-04-09 14:35:36.836641,BIN_03,Old Town,32,OK
2025-04-09 14:35:46.840073,BIN_01,Sahid Nagar,42,FULL
2025-04-09 14:35:46.844092,BIN_02,Patia,18,OK
2025-04-09 14:35:46.847317,BIN_03,Old Town,39,OK
2025-04-09 14:35:56.849506,BIN_01,Sahid Nagar,0,OK
2025-04-09 14:35:56.850944,BIN_02,Patia,48,FULL
2025-04-09 14:35:56.852883,BIN_03,Old Town,45,FULL
2025-04-09 14:36:06.855079,BIN_01,Sahid Nagar,5,OK
2025-04-09 14:36:06.859126,BIN_02,Patia,21,OK
2025-04-09 14:36:06.863071,BIN_03,Old Town,0,OK
2025-04-09 14:36:16.865033,BIN_01,Sahid Nagar,28,OK
2025-04-09 14:36:16.868217,BIN_02,Patia,45,FULL
2025-04-09 14:36:16.870210,BIN_03,Old Town,30,OK
2025-04-09 14:36:26.873048,BIN_01,Sahid Nagar,33,OK
2025-04-09 14:36:26.875088,BIN_02,Patia,28,OK
2025-04-09 14:36:26.877084,BIN_03,Old Town,49,FULL
2025-04-09 14:36:36.879253,BIN_01,Sahid Nagar,9,OK
2025-04-09 14:36:36.881264,BIN_02,Patia,10,OK
2025-04-09 14:36:36.881264,BIN_03,Old Town,17,OK
2025-04-09 14:36:46.883404,BIN_01,Sahid Nagar,48,FULL
2025-04-09 14:36:46.884425,BIN_02,Patia,33,OK
2025-04-09 14:36:46.887190,BIN_03,Old Town,12,OK
2025-04-09 14:36:56.889497,BIN_01,Sahid Nagar,36,OK
2025-04-09 14:36:56.893531,BIN_02,Patia,22,OK
2025-04-09 14:36:56.897020,BIN_03,Old Town,6,OK
2025-04-09 14:37:06.899413,BIN_01,Sahid Nagar,9,OK
2025-04-09 14:37:06.900449,BIN_02,Patia,4,OK
2025-04-09 14:37:06.903215,BIN_03,Old Town,26,OK
2025-04-09 14:37:16.905108,BIN_01,Sahid Nagar,33,OK
2025-04-09 14:37:16.908431,BIN_02,Patia,10,OK
2025-04-09 14:37:16.908944,BIN_03,Old Town,7,OK
2025-04-09 14:37:26.912510,BIN_01,Sahid Nagar,13,OK
2025-04-09 14:37:26.915431,BIN_02,Patia,35,OK
2025-04-09 14:37:26.917610,BIN_03,Old Town,14,OK
2025-04-09 14:37:36.921370,BIN_01,Sahid Nagar,40,FULL
2025-04-09 14:37:36.924503,BIN_02,Patia,48,FULL
2025-04-09 14:37:36.927522,BIN_03,Old Town,19,OK
2025-04-09 14:37:46.929990,BIN_01,Sahid Nagar,37,OK
2025-04-09 14:37:46.932963,BIN_02,Patia,19,OK
2025-04-09 14:37:46.933971,BIN_03,Old Town,16,OK
2025-04-09 14:37:56.937410,BIN_01,Sahid Nagar,12,OK
2025-04-09 14:37:56.940501,BIN_02,Patia,30,OK
2025-04-09 14:37:56.942513,BIN_03,Old Town,38,OK
2025-04-09 14:38:06.946638,BIN_01,Sahid Nagar,17,OK
2025-04-09 14:38:06.949691,BIN_02,Patia,12,OK
2025-04-09 14:38:06.952704,BIN_03,Old Town,26,OK
2025-04-09 14:38:16.954717,BIN_01,Sahid Nagar,5,OK
2025-04-09 14:38:16.957739,BIN_02,Patia,1,OK
2025-04-09 14:38:16.960028,BIN_03,Old Town,44,FULL
2025-04-09 14:38:26.963044,BIN_01,Sahid Nagar,15,OK
2025-04-09 14:38:26.965081,BIN_02,Patia,13,OK
2025-04-09 14:38:26.966077,BIN_03,Old Town,48,FULL
2025-04-09 14:38:36.969438,BIN_01,Sahid Nagar,43,FULL
2025-04-09 14:38:36.971479,BIN_02,Patia,40,FULL
2025-04-09 14:38:36.972476,BIN_03,Old Town,44,FULL
2025-04-09 14:38:46.976196,BIN_01,Sahid Nagar,41,FULL
2025-04-09 14:38:46.979439,BIN_02,Patia,29,OK
2025-04-09 14:38:46.981461,BIN_03,Old Town,49,FULL
2025-04-09 14:38:56.984013,BIN_01,Sahid Nagar,41,FULL
2025-04-09 14:38:56.986046,BIN_02,Patia,6,OK
2025-04-09 14:38:56.987045,BIN_03,Old Town,48,FULL
2025-04-09 14:39:06.990458,BIN_01,Sahid Nagar,20,OK
2025-04-09 14:39:06.993790,BIN_02,Patia,5,OK
2025-04-09 14:39:06.996343,BIN_03,Old Town,12,OK
2025-04-09 14:39:16.999256,BIN_01,Sahid Nagar,16,OK
2025-04-09 14:39:17.003279,BIN_02,Patia,42,FULL
2025-04-09 14:39:17.012586,BIN_03,Old Town,47,FULL
2025-04-09 14:39:27.015200,BIN_01,Sahid Nagar,41,FULL
2025-04-09 14:39:27.017974,BIN_02,Patia,41,FULL
2025-04-09 14:39:27.019753,BIN_03,Old Town,24,OK
2025-04-09 14:39:37.022740,BIN_01,Sahid Nagar,9,OK
2025-04-09 14:39:37.025769,BIN_02,Patia,15,OK
2025-04-09 14:39:37.027868,BIN_03,Old Town,31,OK
2025-04-09 14:39:47.030251,BIN_01,Sahid Nagar,14,OK
2025-04-09 14:39:47.032287,BIN_02,Patia,6,OK
2025-04-09 14:39:47.034282,BIN_03,Old Town,38,OK
2025-04-09 14:39:57.054360,BIN_01,Sahid Nagar,48,FULL
2025-04-09 14:39:57.062190,BIN_02,Patia,40,FULL
2025-04-09 14:39:57.064205,BIN_03,Old Town,13,OK
2025-04-09 14:40:07.066724,BIN_01,Sahid Nagar,24,OK
2025-04-09 14:40:07.068776,BIN_02,Patia,34,OK
2025-04-09 14:40:07.070775,BIN_03,Old Town,45,FULL
2025-04-09 14:40:17.073141,BIN_01,Sahid Nagar,33,OK
2025-04-09 14:40:17.078187,BIN_02,Patia,4,OK
2025-04-09 14:40:17.080204,BIN_03,Old Town,12,OK
2025-04-09 14:40:27.083621,BIN_01,Sahid Nagar,28,OK
2025-04-09 14:40:27.086641,BIN_02,Patia,21,OK
2025-04-09 14:40:27.087640,BIN_03,Old Town,22,OK
2025-04-09 14:40:37.090957,BIN_01,Sahid Nagar,23,OK
2025-04-09 14:40:37.093357,BIN_02,Patia,30,OK
2025-04-09 14:40:37.094370,BIN_03,Old Town,43,FULL
2025-04-09 14:40:47.097376,BIN_01,Sahid Nagar,46,FULL
2025-04-09 14:40:47.099395,BIN_02,Patia,50,FULL
2025-04-09 14:40:47.102397,BIN_03,Old Town,17,OK
2025-04-09 14:40:57.106041,BIN_01,Sahid Nagar,19,OK
2025-04-09 14:40:57.109092,BIN_02,Patia,42,FULL
2025-04-09 14:40:57.110103,BIN_03,Old Town,27,OK
2025-04-09 14:41:07.112935,BIN_01,Sahid Nagar,24,OK
2025-04-09 14:41:07.113949,BIN_02,Patia,50,FULL
2025-04-09 14:41:07.115949,BIN_03,Old Town,13,OK
2025-04-09 14:41:17.117857,BIN_01,Sahid Nagar,39,OK
2025-04-09 14:41:17.119896,BIN_02,Patia,14,OK
2025-04-09 14:41:17.120893,BIN_03,Old Town,11,OK
2025-04-09 14:41:27.125125,BIN_01,Sahid Nagar,31,OK
2025-04-09 14:41:27.129166,BIN_02,Patia,9,OK
2025-04-09 14:41:27.132013,BIN_03,Old Town,5,OK
2025-04-09 14:41:37.134240,BIN_01,Sahid Nagar,21,OK
2025-04-09 14:41:37.136261,BIN_02,Patia,38,OK
2025-04-09 14:41:37.138260,BIN_03,Old Town,36,OK
2025-04-09 14:41:47.141263,BIN_01,Sahid Nagar,2,OK
2025-04-09 14:41:47.144248,BIN_02,Patia,43,FULL
2025-04-09 14:41:47.145274,BIN_03,Old Town,8,OK
2025-04-09 14:41:57.148994,BIN_01,Sahid Nagar,42,FULL
2025-04-09 14:41:57.151976,BIN_02,Patia,1,OK
2025-04-09 14:41:57.153970,BIN_03,Old Town,33,OK
2025-04-09 14:42:07.156694,BIN_01,Sahid Nagar,18,OK
2025-04-09 14:42:07.159655,BIN_02,Patia,38,OK
2025-04-09 14:42:07.162652,BIN_03,Old Town,24,OK
2025-04-09 14:42:17.165595,BIN_01,Sahid Nagar,37,OK
2025-04-09 14:42:17.167615,BIN_02,Patia,45,FULL
2025-04-09 14:42:17.169867,BIN_03,Old Town,14,OK
2025-04-09 14:42:27.172521,BIN_01,Sahid Nagar,49,FULL
2025-04-09 14:42:27.175575,BIN_02,Patia,13,OK
2025-04-09 14:42:27.177591,BIN_03,Old Town,43,FULL
2025-04-09 14:42:37.180105,BIN_01,Sahid Nagar,23,OK
2025-04-09 14:42:37.183148,BIN_02,Patia,10,OK
2025-04-09 14:42:37.184150,BIN_03,Old Town,11,OK
2025-04-09 14:42:47.187851,BIN_01,Sahid Nagar,47,FULL
2025-04-09 14:42:47.189882,BIN_02,Patia,44,FULL
2025-04-09 14:42:47.190884,BIN_03,Old Town,14,OK
2025-04-09 14:42:57.193943,BIN_01,Sahid Nagar,40,FULL
2025-04-09 14:42:57.195980,BIN_02,Patia,8,OK
2025-04-09 14:42:57.198629,BIN_03,Old Town,42,FULL
2025-04-09 14:43:07.201214,BIN_01,Sahid Nagar,34,OK
2025-04-09 14:43:07.202234,BIN_02,Patia,48,FULL
2025-04-09 14:43:07.204890,BIN_03,Old Town,5,OK
2025-04-09 14:43:17.209511,BIN_01,Sahid Nagar,38,OK
2025-04-09 14:43:17.212538,BIN_02,Patia,15,OK
2025-04-09 14:43:17.216535,BIN_03,Old Town,47,FULL
2025-04-09 14:43:27.218838,BIN_01,Sahid Nagar,34,OK
2025-04-09 14:43:27.221078,BIN_02,Patia,40,FULL
2025-04-09 14:43:27.223073,BIN_03,Old Town,5,OK
2025-04-09 14:43:37.227823,BIN_01,Sahid Nagar,8,OK
2025-04-09 14:43:37.229819,BIN_02,Patia,45,FULL
2025-04-09 14:43:37.231818,BIN_03,Old Town,36,OK
2025-04-09 14:43:47.234453,BIN_01,Sahid Nagar,27,OK
2025-04-09 14:43:47.236473,BIN_02,Patia,48,FULL
2025-04-09 14:43:47.238725,BIN_03,Old Town,4,OK
2025-04-09 14:43:57.241109,BIN_01,Sahid Nagar,28,OK
2025-04-09 14:43:57.243158,BIN_02,Patia,15,OK
2025-04-09 14:43:57.244597,BIN_03,Old Town,6,OK
2025-04-09 14:44:07.247236,BIN_01,Sahid Nagar,4,OK
2025-04-09 14:44:07.249563,BIN_02,Patia,5,OK
2025-04-09 14:44:07.250587,BIN_03,Old Town,25,OK
2025-04-09 14:44:17.253825,BIN_01,Sahid Nagar,27,OK
2025-04-09 14:44:17.256128,BIN_02,Patia,37,OK
2025-04-09 14:44:17.258612,BIN_03,Old Town,28,OK
2025-04-09 14:44:27.260841,BIN_01,Sahid Nagar,3,OK
2025-04-09 14:44:27.262109,BIN_02,Patia,45,FULL
2025-04-09 14:44:27.264449,BIN_03,Old Town,11,OK
2025-04-09 14:44:37.266856,BIN_01,Sahid Nagar,48,FULL
2025-04-09 14:44:37.269892,BIN_02,Patia,23,OK
2025-04-09 14:44:37.272352,BIN_03,Old Town,32,OK
2025-04-09 14:44:47.274940,BIN_01,Sahid Nagar,11,OK
2025-04-09 14:44:47.277970,BIN_02,Patia,45,FULL
2025-04-09 14:44:47.279979,BIN_03,Old Town,21,OK
2025-04-09 14:44:57.283405,BIN_01,Sahid Nagar,30,OK
2025-04-09 14:44:57.285423,BIN_02,Patia,22,OK
2025-04-09 14:44:57.286433,BIN_03,Old Town,49,FULL
2025-04-09 14:45:07.288948,BIN_01,Sahid Nagar,29,OK
2025-04-09 14:45:07.290980,BIN_02,Patia,5,OK
2025-04-09 14:45:07.291987,BIN_03,Old Town,20,OK
2025-04-09 14:45:17.294917,BIN_01,Sahid Nagar,18,OK
2025-04-09 14:45:17.296933,BIN_02,Patia,34,OK
2025-04-09 14:45:17.296933,BIN_03,Old Town,0,OK
2025-04-09 14:45:27.298893,BIN_01,Sahid Nagar,30,OK
2025-04-09 14:45:27.300159,BIN_02,Patia,28,OK
2025-04-09 14:45:27.302319,BIN_03,Old Town,50,FULL
2025-04-09 14:45:37.310504,BIN_01,Sahid Nagar,24,OK
2025-04-09 14:45:37.313540,BIN_02,Patia,23,OK
2025-04-09 14:45:37.315529,BIN_03,Old Town,31,OK
2025-04-09 14:45:47.318851,BIN_01,Sahid Nagar,13,OK
2025-04-09 14:45:47.321873,BIN_02,Patia,34,OK
2025-04-09 14:45:47.324868,BIN_03,Old Town,46,FULL
2025-04-09 14:45:57.331991,BIN_01,Sahid Nagar,47,FULL
2025-04-09 14:45:57.335539,BIN_02,Patia,8,OK
2025-04-09 14:45:57.337539,BIN_03,Old Town,37,OK
2025-04-09 14:46:07.340405,BIN_01,Sahid Nagar,50,FULL
2025-04-09 14:46:07.343955,BIN_02,Patia,19,OK
2025-04-09 14:46:07.348946,BIN_03,Old Town,34,OK
2025-04-09 14:46:17.351830,BIN_01,Sahid Nagar,38,OK
2025-04-09 14:46:17.353143,BIN_02,Patia,14,OK
2025-04-09 14:46:17.355140,BIN_03,Old Town,9,OK
2025-04-09 14:46:27.357532,BIN_01,Sahid Nagar,41,FULL
2025-04-09 14:46:27.364269,BIN_02,Patia,26,OK
2025-04-09 14:46:27.366288,BIN_03,Old Town,38,OK
2025-04-09 14:46:37.369389,BIN_01,Sahid Nagar,31,OK
2025-04-09 14:46:37.372369,BIN_02,Patia,48,FULL
2025-04-09 14:46:37.376776,BIN_03,Old Town,16,OK
2025-04-09 14:46:47.379365,BIN_01,Sahid Nagar,16,OK
2025-04-09 14:46:47.381339,BIN_02,Patia,27,OK
2025-04-09 14:46:47.382336,BIN_03,Old Town,18,OK
2025-04-09 14:46:57.386606,BIN_01,Sahid Nagar,35,OK
2025-04-09 14:46:57.389602,BIN_02,Patia,21,OK
2025-04-09 14:46:57.392113,BIN_03,Old Town,45,FULL
2025-04-09 14:47:07.395261,BIN_01,Sahid Nagar,38,OK
2025-04-09 14:47:07.398232,BIN_02,Patia,9,OK
2025-04-09 14:47:07.400748,BIN_03,Old Town,6,OK
2025-04-09 14:47:17.404617,BIN_01,Sahid Nagar,26,OK
2025-04-09 14:47:17.407600,BIN_02,Patia,19,OK
2025-04-09 14:47:17.414039,BIN_03,Old Town,3,OK
2025-04-09 14:47:27.416172,BIN_01,Sahid Nagar,8,OK
2025-04-09 14:47:27.419153,BIN_02,Patia,4,OK
2025-04-09 14:47:27.420690,BIN_03,Old Town,43,FULL
2025-04-09 14:47:37.423263,BIN_01,Sahid Nagar,22,OK
2025-04-09 14:47:37.425296,BIN_02,Patia,27,OK
2025-04-09 14:47:37.427349,BIN_03,Old Town,26,OK
2025-04-09 14:47:47.429733,BIN_01,Sahid Nagar,44,FULL
2025-04-09 14:47:47.433766,BIN_02,Patia,10,OK
2025-04-09 14:47:47.435762,BIN_03,Old Town,29,OK
2025-04-09 14:47:57.439783,BIN_01,Sahid Nagar,19,OK
2025-04-09 14:47:57.441305,BIN_02,Patia,39,OK
2025-04-09 14:47:57.442644,BIN_03,Old Town,49,FULL
2025-04-09 14:48:07.444748,BIN_01,Sahid Nagar,19,OK
2025-04-09 14:48:07.447809,BIN_02,Patia,37,OK
2025-04-09 14:48:07.449800,BIN_03,Old Town,42,FULL
2025-04-09 14:48:17.454313,BIN_01,Sahid Nagar,13,OK
2025-04-09 14:48:17.456330,BIN_02,Patia,47,FULL
2025-04-09 14:48:17.457331,BIN_03,Old Town,46,FULL
2025-04-09 14:48:27.459141,BIN_01,Sahid Nagar,26,OK
2025-04-09 14:48:27.461171,BIN_02,Patia,11,OK
2025-04-09 14:48:27.462181,BIN_03,Old Town,31,OK
2025-04-09 14:48:37.464864,BIN_01,Sahid Nagar,35,OK
2025-04-09 14:48:37.466879,BIN_02,Patia,24,OK
2025-04-09 14:48:37.468379,BIN_03,Old Town,45,FULL
2025-04-09 14:48:47.469911,BIN_01,Sahid Nagar,10,OK
2025-04-09 14:48:47.472968,BIN_02,Patia,34,OK
2025-04-09 14:48:47.475486,BIN_03,Old Town,30,OK
2025-04-09 14:48:57.479156,BIN_01,Sahid Nagar,22,OK
2025-04-09 14:48:57.481191,BIN_02,Patia,14,OK
2025-04-09 14:48:57.482201,BIN_03,Old Town,7,OK
2025-04-09 14:49:07.484738,BIN_01,Sahid Nagar,24,OK
2025-04-09 14:49:07.486808,BIN_02,Patia,20,OK
2025-04-09 14:49:07.487791,BIN_03,Old Town,45,FULL
2025-04-09 14:49:17.490068,BIN_01,Sahid Nagar,14,OK
2025-04-09 14:49:17.497817,BIN_02,Patia,21,OK
2025-04-09 14:49:17.499817,BIN_03,Old Town,37,OK
2025-04-09 14:49:27.503243,BIN_01,Sahid Nagar,33,OK
2025-04-09 14:49:27.505272,BIN_02,Patia,23,OK
2025-04-09 14:49:27.506269,BIN_03,Old Town,48,FULL
2025-04-09 14:49:37.508259,BIN_01,Sahid Nagar,49,FULL
2025-04-09 14:49:37.512354,BIN_02,Patia,23,OK
2025-04-09 14:49:37.516371,BIN_03,Old Town,32,OK
2025-04-09 14:49:47.519439,BIN_01,Sahid Nagar,39,OK
2025-04-09 14:49:47.519439,BIN_02,Patia,48,FULL
2025-04-09 14:49:47.520445,BIN_03,Old Town,45,FULL
2025-04-09 14:49:57.521848,BIN_01,Sahid Nagar,0,OK
2025-04-09 14:49:57.522353,BIN_02,Patia,15,OK
2025-04-09 14:49:57.523359,BIN_03,Old Town,0,OK
2025-04-09 14:50:07.524371,BIN_01,Sahid Nagar,1,OK
2025-04-09 14:50:07.525439,BIN_02,Patia,4,OK
2025-04-09 14:50:07.526449,BIN_03,Old Town,46,FULL
2025-04-09 14:50:17.528526,BIN_01,Sahid Nagar,38,OK
2025-04-09 14:50:17.528526,BIN_02,Patia,38,OK
2025-04-09 14:50:17.529615,BIN_03,Old Town,18,OK
2025-04-09 14:50:27.530359,BIN_01,Sahid Nagar,15,OK
2025-04-09 14:50:27.530359,BIN_02,Patia,46,FULL
2025-04-09 14:50:27.531551,BIN_03,Old Town,28,OK
2025-04-09 14:50:37.532867,BIN_01,Sahid Nagar,49,FULL
2025-04-09 14:50:37.532867,BIN_02,Patia,43,FULL
2025-04-09 14:50:37.534097,BIN_03,Old Town,17,OK
2025-04-09 14:50:47.535440,BIN_01,Sahid Nagar,20,OK
2025-04-09 14:50:47.535440,BIN_02,Patia,22,OK
2025-04-09 14:50:47.536970,BIN_03,Old Town,29,OK
2025-04-09 14:50:57.537612,BIN_01,Sahid Nagar,21,OK
2025-04-09 14:50:57.537612,BIN_02,Patia,45,FULL
2025-04-09 14:50:57.538685,BIN_03,Old Town,32,OK
2025-04-09 14:51:07.540039,BIN_01,Sahid Nagar,48,FULL
2025-04-09 14:51:07.540547,BIN_02,Patia,19,OK
2025-04-09 14:51:07.540547,BIN_03,Old Town,17,OK
2025-04-09 14:51:17.544093,BIN_01,Sahid Nagar,27,OK
2025-04-09 14:51:17.545307,BIN_02,Patia,13,OK
2025-04-09 14:51:17.546308,BIN_03,Old Town,26,OK
2025-04-09 14:51:27.548134,BIN_01,Sahid Nagar,29,OK
2025-04-09 14:51:27.548134,BIN_02,Patia,32,OK
2025-04-09 14:51:27.549479,BIN_03,Old Town,11,OK
2025-04-09 14:51:37.550009,BIN_01,Sahid Nagar,19,OK
2025-04-09 14:51:37.550009,BIN_02,Patia,43,FULL
2025-04-09 14:51:37.551241,BIN_03,Old Town,5,OK
2025-04-09 14:51:47.552571,BIN_01,Sahid Nagar,4,OK
2025-04-09 14:51:47.552571,BIN_02,Patia,2,OK
2025-04-09 14:51:47.553617,BIN_03,Old Town,16,OK
2025-04-09 14:51:57.555145,BIN_01,Sahid Nagar,31,OK
2025-04-09 14:51:57.555145,BIN_02,Patia,44,FULL
2025-04-09 14:51:57.556226,BIN_03,Old Town,42,FULL
2025-04-09 14:52:07.557517,BIN_01,Sahid Nagar,13,OK
2025-04-09 14:52:07.557517,BIN_02,Patia,23,OK
2025-04-09 14:52:07.558789,BIN_03,Old Town,31,OK
2025-04-09 14:52:17.559942,BIN_01,Sahid Nagar,48,FULL
2025-04-09 14:52:17.559942,BIN_02,Patia,40,FULL
2025-04-09 14:52:17.561356,BIN_03,Old Town,40,FULL
2025-04-09 14:52:27.562463,BIN_01,Sahid Nagar,23,OK
2025-04-09 14:52:27.562463,BIN_02,Patia,13,OK
2025-04-09 14:52:27.563682,BIN_03,Old Town,16,OK
2025-04-09 14:52:37.565075,BIN_01,Sahid Nagar,28,OK
2025-04-09 14:52:37.565075,BIN_02,Patia,16,OK
2025-04-09 14:52:37.566137,BIN_03,Old Town,47,FULL
2025-04-09 14:52:47.567610,BIN_01,Sahid Nagar,6,OK
2025-04-09 14:52:47.568619,BIN_02,Patia,25,OK
2025-04-09 14:52:47.569627,BIN_03,Old Town,10,OK
2025-04-09 14:52:57.570905,BIN_01,Sahid Nagar,14,OK
2025-04-09 14:52:57.571914,BIN_02,Patia,1,OK
2025-04-09 14:52:57.573149,BIN_03,Old Town,17,OK
2025-04-09 14:53:07.574831,BIN_01,Sahid Nagar,30,OK
2025-04-09 14:53:07.578206,BIN_02,Patia,29,OK
2025-04-09 14:53:07.580719,BIN_03,Old Town,29,OK
2025-04-09 14:53:17.583635,BIN_01,Sahid Nagar,11,OK
2025-04-09 14:53:17.585648,BIN_02,Patia,0,OK
2025-04-09 14:53:17.587061,BIN_03,Old Town,18,OK
2025-04-09 14:53:27.589210,BIN_01,Sahid Nagar,15,OK
2025-04-09 14:53:27.592265,BIN_02,Patia,46,FULL
2025-04-09 14:53:27.594490,BIN_03,Old Town,0,OK
2025-04-09 14:53:37.596335,BIN_01,Sahid Nagar,7,OK
2025-04-09 14:53:37.599394,BIN_02,Patia,38,OK
2025-04-09 14:53:37.601387,BIN_03,Old Town,22,OK
2025-04-09 14:53:47.606148,BIN_01,Sahid Nagar,46,FULL
2025-04-09 14:53:47.609152,BIN_02,Patia,27,OK
2025-04-09 14:53:47.612440,BIN_03,Old Town,2,OK
2025-04-09 14:53:57.615934,BIN_01,Sahid Nagar,20,OK
2025-04-09 14:53:57.617964,BIN_02,Patia,10,OK
2025-04-09 14:53:57.619974,BIN_03,Old Town,36,OK
2025-04-09 14:54:07.624194,BIN_01,Sahid Nagar,25,OK
2025-04-09 14:54:07.625208,BIN_02,Patia,19,OK
2025-04-09 14:54:07.627207,BIN_03,Old Town,9,OK
2025-04-09 14:54:17.628845,BIN_01,Sahid Nagar,34,OK
2025-04-09 14:54:17.631893,BIN_02,Patia,47,FULL
2025-04-09 14:54:17.634890,BIN_03,Old Town,34,OK
2025-04-09 14:54:27.640855,BIN_01,Sahid Nagar,27,OK
2025-04-09 14:54:27.642872,BIN_02,Patia,44,FULL
2025-04-09 14:54:27.643871,BIN_03,Old Town,32,OK
2025-04-09 14:54:37.645839,BIN_01,Sahid Nagar,34,OK
2025-04-09 14:54:37.648449,BIN_02,Patia,0,OK
2025-04-09 14:54:37.650596,BIN_03,Old Town,50,FULL
2025-04-09 14:54:47.653579,BIN_01,Sahid Nagar,8,OK
2025-04-09 14:54:47.657630,BIN_02,Patia,12,OK
2025-04-09 14:54:47.659623,BIN_03,Old Town,14,OK
2025-04-09 14:54:57.663887,BIN_01,Sahid Nagar,17,OK
2025-04-09 14:54:57.665907,BIN_02,Patia,25,OK
2025-04-09 14:54:57.666902,BIN_03,Old Town,6,OK
2025-04-09 14:55:07.668919,BIN_01,Sahid Nagar,5,OK
2025-04-09 14:55:07.669951,BIN_02,Patia,2,OK
2025-04-09 14:55:07.670952,BIN_03,Old Town,50,FULL
2025-04-09 14:55:17.673597,BIN_01,Sahid Nagar,19,OK
2025-04-09 14:55:17.674630,BIN_02,Patia,11,OK
2025-04-09 14:55:17.676630,BIN_03,Old Town,25,OK
2025-04-09 14:55:27.678591,BIN_01,Sahid Nagar,9,OK
2025-04-09 14:55:27.681640,BIN_02,Patia,33,OK
2025-04-09 14:55:27.682638,BIN_03,Old Town,24,OK
2025-04-09 14:55:37.687274,BIN_01,Sahid Nagar,24,OK
2025-04-09 14:55:37.691303,BIN_02,Patia,18,OK
2025-04-09 14:55:37.693299,BIN_03,Old Town,3,OK
2025-04-09 14:55:47.697559,BIN_01,Sahid Nagar,33,OK
2025-04-09 14:55:47.700594,BIN_02,Patia,22,OK
2025-04-09 14:55:47.702585,BIN_03,Old Town,33,OK
2025-04-09 14:55:57.706518,BIN_01,Sahid Nagar,5,OK
2025-04-09 14:55:57.707542,BIN_02,Patia,15,OK
2025-04-09 14:55:57.709544,BIN_03,Old Town,40,FULL
2025-04-09 15:02:14.215885,BIN_01,Sahid Nagar,33,OK
2025-04-09 15:02:14.249886,BIN_02,Patia,17,OK
2025-04-09 15:02:14.258886,BIN_03,Old Town,38,OK
2025-04-09 15:02:24.265710,BIN_01,Sahid Nagar,32,OK
2025-04-09 15:02:24.278549,BIN_02,Patia,22,OK
2025-04-09 15:02:24.284548,BIN_03,Old Town,6,OK
2025-04-09 15:02:34.289184,BIN_01,Sahid Nagar,20,OK
2025-04-09 15:02:34.293201,BIN_02,Patia,28,OK
2025-04-09 15:02:34.296346,BIN_03,Old Town,1,OK
2025-04-09 15:02:44.301349,BIN_01,Sahid Nagar,38,OK
2025-04-09 15:02:44.325553,BIN_02,Patia,25,OK
2025-04-09 15:02:44.332147,BIN_03,Old Town,13,OK
2025-04-09 15:02:54.354038,BIN_01,Sahid Nagar,29,OK
2025-04-09 15:02:54.359102,BIN_02,Patia,20,OK
2025-04-09 15:02:54.360308,BIN_03,Old Town,10,OK
2025-04-09 15:03:04.362935,BIN_01,Sahid Nagar,13,OK
2025-04-09 15:03:04.364459,BIN_02,Patia,23,OK
2025-04-09 15:03:04.366459,BIN_03,Old Town,10,OK
2025-04-09 15:03:14.377671,BIN_01,Sahid Nagar,14,OK
2025-04-09 15:03:14.381679,BIN_02,Patia,41,FULL
2025-04-09 15:03:14.382746,BIN_03,Old Town,38,OK
2025-04-09 15:03:24.384040,BIN_01,Sahid Nagar,19,OK
2025-04-09 15:03:24.386907,BIN_02,Patia,30,OK
2025-04-09 15:03:24.387924,BIN_03,Old Town,23,OK
2025-04-09 15:03:34.392824,BIN_01,Sahid Nagar,33,OK
2025-04-09 15:03:34.394841,BIN_02,Patia,35,OK
2025-04-09 15:03:34.396374,BIN_03,Old Town,36,OK
2025-04-09 15:03:44.400734,BIN_01,Sahid Nagar,30,OK
2025-04-09 15:03:44.410538,BIN_02,Patia,14,OK
2025-04-09 15:03:44.418399,BIN_03,Old Town,47,FULL
2025-04-09 15:03:54.421341,BIN_01,Sahid Nagar,4,OK
2025-04-09 15:03:54.422340,BIN_02,Patia,40,FULL
2025-04-09 15:03:54.424748,BIN_03,Old Town,31,OK
2025-04-09 15:04:04.429792,BIN_01,Sahid Nagar,24,OK
2025-04-09 15:04:04.430839,BIN_02,Patia,29,OK
2025-04-09 15:04:04.431901,BIN_03,Old Town,20,OK
2025-04-09 15:04:14.436109,BIN_01,Sahid Nagar,34,OK
2025-04-09 15:04:14.440359,BIN_02,Patia,41,FULL
2025-04-09 15:04:14.443370,BIN_03,Old Town,28,OK
2025-04-09 15:04:24.446607,BIN_01,Sahid Nagar,11,OK
2025-04-09 15:04:24.447616,BIN_02,Patia,32,OK
2025-04-09 15:04:24.451626,BIN_03,Old Town,6,OK
2025-04-09 15:04:34.472515,BIN_01,Sahid Nagar,50,FULL
2025-04-09 15:04:34.564752,BIN_02,Patia,28,OK
2025-04-09 15:04:34.566766,BIN_03,Old Town,1,OK
2025-04-09 15:04:44.568676,BIN_01,Sahid Nagar,0,OK
2025-04-09 15:04:44.573040,BIN_02,Patia,21,OK
2025-04-09 15:04:44.577590,BIN_03,Old Town,25,OK
2025-04-09 15:04:54.581566,BIN_01,Sahid Nagar,1,OK
2025-04-09 15:04:54.584558,BIN_02,Patia,40,FULL
2025-04-09 15:04:54.585546,BIN_03,Old Town,48,FULL
2025-04-09 15:05:04.593211,BIN_01,Sahid Nagar,34,OK
2025-04-09 15:05:04.595193,BIN_02,Patia,1,OK
2025-04-09 15:05:04.597190,BIN_03,Old Town,45,FULL
2025-04-09 15:05:14.600380,BIN_01,Sahid Nagar,15,OK
2025-04-09 15:05:14.602899,BIN_02,Patia,39,OK
2025-04-09 15:05:14.604914,BIN_03,Old Town,4,OK
2025-04-09 15:05:24.606888,BIN_01,Sahid Nagar,31,OK
2025-04-09 15:05:24.609922,BIN_02,Patia,22,OK
2025-04-09 15:05:24.614453,BIN_03,Old Town,22,OK
2025-04-09 15:05:34.617172,BIN_01,Sahid Nagar,45,FULL
2025-04-09 15:05:34.620141,BIN_02,Patia,15,OK
2025-04-09 15:05:34.622135,BIN_03,Old Town,36,OK
2025-04-09 15:05:44.626556,BIN_01,Sahid Nagar,18,OK
2025-04-09 15:05:44.633506,BIN_02,Patia,3,OK
2025-04-09 15:05:44.635506,BIN_03,Old Town,10,OK
2025-04-09 15:05:54.667890,BIN_01,Sahid Nagar,38,OK
2025-04-09 15:05:54.670367,BIN_02,Patia,11,OK
2025-04-09 15:05:54.672047,BIN_03,Old Town,22,OK
2025-04-09 15:06:04.673501,BIN_01,Sahid Nagar,30,OK
2025-04-09 15:06:04.676282,BIN_02,Patia,19,OK
2025-04-09 15:06:04.684946,BIN_03,Old Town,15,OK
2025-04-09 15:06:14.694750,BIN_01,Sahid Nagar,47,FULL
2025-04-09 15:06:14.696629,BIN_02,Patia,10,OK
2025-04-09 15:06:14.698137,BIN_03,Old Town,15,OK
2025-04-09 15:06:24.701078,BIN_01,Sahid Nagar,2,OK
2025-04-09 15:06:24.702031,BIN_02,Patia,46,FULL
2025-04-09 15:06:24.705779,BIN_03,Old Town,50,FULL
2025-04-09 15:06:34.712549,BIN_01,Sahid Nagar,26,OK
2025-04-09 15:06:34.717044,BIN_02,Patia,15,OK
2025-04-09 15:06:34.721063,BIN_03,Old Town,16,OK
2025-04-09 15:06:44.723437,BIN_01,Sahid Nagar,27,OK
2025-04-09 15:06:44.730519,BIN_02,Patia,47,FULL
2025-04-09 15:06:44.733301,BIN_03,Old Town,15,OK
2025-04-09 15:06:54.734991,BIN_01,Sahid Nagar,46,FULL
2025-04-09 15:06:54.736526,BIN_02,Patia,3,OK
2025-04-09 15:06:54.737524,BIN_03,Old Town,50,FULL
2025-04-09 15:07:04.739786,BIN_01,Sahid Nagar,28,OK
2025-04-09 15:07:04.742013,BIN_02,Patia,42,FULL
2025-04-09 15:07:04.743444,BIN_03,Old Town,37,OK
2025-04-09 15:07:14.746987,BIN_01,Sahid Nagar,46,FULL
2025-04-09 15:07:14.749017,BIN_02,Patia,17,OK
2025-04-09 15:07:14.756122,BIN_03,Old Town,42,FULL
2025-04-09 15:07:24.758517,BIN_01,Sahid Nagar,18,OK
2025-04-09 15:07:24.760501,BIN_02,Patia,50,FULL
2025-04-09 15:07:24.761499,BIN_03,Old Town,23,OK
2025-04-09 15:07:34.767112,BIN_01,Sahid Nagar,25,OK
2025-04-09 15:07:34.768273,BIN_02,Patia,47,FULL
2025-04-09 15:07:34.769348,BIN_03,Old Town,15,OK
2025-04-09 15:07:44.771173,BIN_01,Sahid Nagar,1,OK
2025-04-09 15:07:44.772972,BIN_02,Patia,4,OK
2025-04-09 15:07:44.775513,BIN_03,Old Town,46,FULL
2025-04-09 15:07:54.781053,BIN_01,Sahid Nagar,5,OK
2025-04-09 15:07:54.783090,BIN_02,Patia,34,OK
2025-04-09 15:07:54.784100,BIN_03,Old Town,42,FULL
2025-04-09 15:08:04.786769,BIN_01,Sahid Nagar,49,FULL
2025-04-09 15:08:04.790825,BIN_02,Patia,8,OK
2025-04-09 15:08:04.794375,BIN_03,Old Town,22,OK
2025-04-09 15:08:14.796875,BIN_01,Sahid Nagar,35,OK
2025-04-09 15:08:14.798899,BIN_02,Patia,47,FULL
2025-04-09 15:08:14.799915,BIN_03,Old Town,48,FULL
2025-04-09 15:08:24.803935,BIN_01,Sahid Nagar,26,OK
2025-04-09 15:08:24.805963,BIN_02,Patia,12,OK
2025-04-09 15:08:24.806974,BIN_03,Old Town,35,OK
2025-04-09 15:08:34.810936,BIN_01,Sahid Nagar,29,OK
2025-04-09 15:08:34.812273,BIN_02,Patia,16,OK
2025-04-09 15:08:34.814266,BIN_03,Old Town,24,OK
2025-04-09 15:08:44.815874,BIN_01,Sahid Nagar,20,OK
2025-04-09 15:08:44.817889,BIN_02,Patia,34,OK
2025-04-09 15:08:44.818891,BIN_03,Old Town,32,OK
2025-04-09 15:08:54.822018,BIN_01,Sahid Nagar,50,FULL
2025-04-09 15:08:55.036890,BIN_02,Patia,43,FULL
2025-04-09 15:08:55.073044,BIN_03,Old Town,13,OK
2025-04-09 15:09:05.075944,BIN_01,Sahid Nagar,37,OK
2025-04-09 15:09:05.079483,BIN_02,Patia,3,OK
2025-04-09 15:09:05.081481,BIN_03,Old Town,16,OK
2025-04-09 15:09:15.087690,BIN_01,Sahid Nagar,36,OK
2025-04-09 15:09:15.090660,BIN_02,Patia,0,OK
2025-04-09 15:09:15.091663,BIN_03,Old Town,16,OK
2025-04-09 15:09:25.098622,BIN_01,Sahid Nagar,50,FULL
2025-04-09 15:09:25.103356,BIN_02,Patia,35,OK
2025-04-09 15:09:25.109887,BIN_03,Old Town,49,FULL
2025-04-09 15:09:35.117413,BIN_01,Sahid Nagar,6,OK
2025-04-09 15:09:35.119949,BIN_02,Patia,2,OK
2025-04-09 15:09:35.126949,BIN_03,Old Town,39,OK
2025-04-09 15:09:45.129198,BIN_01,Sahid Nagar,38,OK
2025-04-09 15:09:45.131919,BIN_02,Patia,48,FULL
2025-04-09 15:09:45.133933,BIN_03,Old Town,44,FULL
2025-04-09 15:09:55.144544,BIN_01,Sahid Nagar,15,OK
2025-04-09 15:09:55.148092,BIN_02,Patia,28,OK
2025-04-09 15:09:55.154115,BIN_03,Old Town,48,FULL
2025-04-09 15:10:05.161899,BIN_01,Sahid Nagar,6,OK
2025-04-09 15:10:05.165346,BIN_02,Patia,28,OK
2025-04-09 15:10:05.166857,BIN_03,Old Town,41,FULL
2025-04-09 15:10:15.168112,BIN_01,Sahid Nagar,32,OK
2025-04-09 15:10:15.170131,BIN_02,Patia,10,OK
2025-04-09 15:10:15.173368,BIN_03,Old Town,5,OK
2025-04-09 15:10:25.176530,BIN_01,Sahid Nagar,49,FULL
2025-04-09 15:10:25.179063,BIN_02,Patia,8,OK
2025-04-09 15:10:25.182249,BIN_03,Old Town,2,OK
2025-04-09 15:10:35.185500,BIN_01,Sahid Nagar,39,OK
2025-04-09 15:10:35.188440,BIN_02,Patia,15,OK
2025-04-09 15:10:35.190457,BIN_03,Old Town,1,OK
2025-04-09 15:10:45.196810,BIN_01,Sahid Nagar,3,OK
2025-04-09 15:10:45.201687,BIN_02,Patia,46,FULL
2025-04-09 15:10:45.207152,BIN_03,Old Town,41,FULL
2025-04-09 15:10:55.209288,BIN_01,Sahid Nagar,5,OK
2025-04-09 15:10:55.210304,BIN_02,Patia,24,OK
2025-04-09 15:10:55.214645,BIN_03,Old Town,25,OK
2025-04-09 15:11:05.216462,BIN_01,Sahid Nagar,22,OK
2025-04-09 15:11:05.227000,BIN_02,Patia,11,OK
2025-04-09 15:11:05.229086,BIN_03,Old Town,28,OK
2025-04-09 15:11:15.232430,BIN_01,Sahid Nagar,37,OK
2025-04-09 15:11:15.239447,BIN_02,Patia,29,OK
2025-04-09 15:11:15.245445,BIN_03,Old Town,42,FULL
2025-04-09 15:11:25.247153,BIN_01,Sahid Nagar,33,OK
2025-04-09 15:11:25.254240,BIN_02,Patia,15,OK
2025-04-09 15:11:25.255237,BIN_03,Old Town,10,OK
2025-04-09 15:11:35.258350,BIN_01,Sahid Nagar,24,OK
2025-04-09 15:11:35.264677,BIN_02,Patia,26,OK
2025-04-09 15:11:35.265722,BIN_03,Old Town,43,FULL
2025-04-09 15:11:45.268737,BIN_01,Sahid Nagar,50,FULL
2025-04-09 15:11:45.270765,BIN_02,Patia,49,FULL
2025-04-09 15:11:45.271764,BIN_03,Old Town,37,OK
2025-04-09 15:11:55.276131,BIN_01,Sahid Nagar,22,OK
2025-04-09 15:11:55.286049,BIN_02,Patia,23,OK
2025-04-09 15:11:55.290046,BIN_03,Old Town,18,OK
2025-04-09 15:12:05.292595,BIN_01,Sahid Nagar,22,OK
2025-04-09 15:12:05.296612,BIN_02,Patia,20,OK
2025-04-09 15:12:05.297611,BIN_03,Old Town,26,OK
2025-04-09 15:12:15.300797,BIN_01,Sahid Nagar,11,OK
2025-04-09 15:12:15.302805,BIN_02,Patia,31,OK
2025-04-09 15:12:15.303797,BIN_03,Old Town,26,OK
2025-04-09 15:12:25.310640,BIN_01,Sahid Nagar,49,FULL
2025-04-09 15:12:25.319445,BIN_02,Patia,41,FULL
2025-04-09 15:12:25.320441,BIN_03,Old Town,6,OK
2025-04-09 15:12:35.323017,BIN_01,Sahid Nagar,14,OK
2025-04-09 15:12:35.324040,BIN_02,Patia,29,OK
2025-04-09 15:12:35.327040,BIN_03,Old Town,32,OK
2025-04-09 15:12:45.330272,BIN_01,Sahid Nagar,6,OK
2025-04-09 15:12:45.331291,BIN_02,Patia,6,OK
2025-04-09 15:12:45.331291,BIN_03,Old Town,29,OK
2025-04-09 15:12:55.337382,BIN_01,Sahid Nagar,6,OK
2025-04-09 15:12:55.339842,BIN_02,Patia,18,OK
2025-04-09 15:12:55.340849,BIN_03,Old Town,6,OK
2025-04-09 15:13:05.354017,BIN_01,Sahid Nagar,35,OK
2025-04-09 15:13:05.358015,BIN_02,Patia,2,OK
2025-04-09 15:13:05.359009,BIN_03,Old Town,21,OK
2025-04-09 15:13:15.360790,BIN_01,Sahid Nagar,37,OK
2025-04-09 15:13:15.363356,BIN_02,Patia,45,FULL
2025-04-09 15:13:15.365352,BIN_03,Old Town,14,OK
2025-04-09 15:13:25.369368,BIN_01,Sahid Nagar,2,OK
2025-04-09 15:13:25.373338,BIN_02,Patia,8,OK
2025-04-09 15:13:25.376363,BIN_03,Old Town,6,OK
2025-04-09 15:13:35.380708,BIN_01,Sahid Nagar,50,FULL
2025-04-09 15:13:35.382690,BIN_02,Patia,9,OK
2025-04-09 15:13:35.383694,BIN_03,Old Town,36,OK
2025-04-09 15:13:45.388452,BIN_01,Sahid Nagar,33,OK
2025-04-09 15:13:45.390542,BIN_02,Patia,6,OK
2025-04-09 15:13:45.391566,BIN_03,Old Town,50,FULL
2025-04-09 15:13:55.394590,BIN_01,Sahid Nagar,43,FULL
2025-04-09 15:13:55.398564,BIN_02,Patia,30,OK
2025-04-09 15:13:55.407478,BIN_03,Old Town,24,OK
2025-04-09 15:14:05.415847,BIN_01,Sahid Nagar,37,OK
2025-04-09 15:14:05.419366,BIN_02,Patia,44,FULL
2025-04-09 15:14:05.438726,BIN_03,Old Town,3,OK
2025-04-09 15:14:15.443453,BIN_01,Sahid Nagar,15,OK
2025-04-09 15:14:15.453959,BIN_02,Patia,11,OK
2025-04-09 15:14:15.454957,BIN_03,Old Town,43,FULL
2025-04-09 15:14:25.463690,BIN_01,Sahid Nagar,39,OK
2025-04-09 15:14:25.465691,BIN_02,Patia,28,OK
2025-04-09 15:14:25.465691,BIN_03,Old Town,26,OK
2025-04-09 15:14:35.468291,BIN_01,Sahid Nagar,23,OK
2025-04-09 15:14:35.469838,BIN_02,Patia,33,OK
2025-04-09 15:14:35.471850,BIN_03,Old Town,31,OK
2025-04-09 15:14:45.504768,BIN_01,Sahid Nagar,29,OK
2025-04-09 15:14:45.518789,BIN_02,Patia,17,OK
2025-04-09 15:14:45.520788,BIN_03,Old Town,7,OK
2025-04-09 15:14:55.536379,BIN_01,Sahid Nagar,12,OK
2025-04-09 15:14:55.539937,BIN_02,Patia,16,OK
2025-04-09 15:14:55.546939,BIN_03,Old Town,7,OK
2025-04-09 15:15:05.549074,BIN_01,Sahid Nagar,43,FULL
2025-04-09 15:15:05.551617,BIN_02,Patia,9,OK
2025-04-09 15:15:05.557897,BIN_03,Old Town,44,FULL
2025-04-09 15:15:15.561480,BIN_01,Sahid Nagar,33,OK
2025-04-09 15:15:15.564514,BIN_02,Patia,25,OK
2025-04-09 15:15:15.565516,BIN_03,Old Town,5,OK
2025-04-09 15:15:25.570727,BIN_01,Sahid Nagar,41,FULL
2025-04-09 15:15:25.574302,BIN_02,Patia,16,OK
2025-04-09 15:15:25.581303,BIN_03,Old Town,43,FULL
2025-04-09 15:15:35.583879,BIN_01,Sahid Nagar,25,OK
2025-04-09 15:15:35.586716,BIN_02,Patia,45,FULL
2025-04-09 15:15:35.592952,BIN_03,Old Town,9,OK
2025-04-09 15:15:45.597319,BIN_01,Sahid Nagar,22,OK
2025-04-09 15:15:45.599860,BIN_02,Patia,1,OK
2025-04-09 15:15:45.604860,BIN_03,Old Town,28,OK
2025-04-09 15:15:55.608478,BIN_01,Sahid Nagar,18,OK
2025-04-09 15:15:55.609491,BIN_02,Patia,0,OK
2025-04-09 15:15:55.611193,BIN_03,Old Town,30,OK
2025-04-09 15:16:05.614239,BIN_01,Sahid Nagar,34,OK
2025-04-09 15:16:05.617213,BIN_02,Patia,30,OK
2025-04-09 15:16:05.618222,BIN_03,Old Town,20,OK
2025-04-09 15:16:15.622626,BIN_01,Sahid Nagar,3,OK
2025-04-09 15:16:15.624642,BIN_02,Patia,30,OK
2025-04-09 15:16:15.626640,BIN_03,Old Town,27,OK
2025-04-09 15:16:25.628737,BIN_01,Sahid Nagar,46,FULL
2025-04-09 15:16:25.631773,BIN_02,Patia,31,OK
2025-04-09 15:16:25.633768,BIN_03,Old Town,14,OK
2025-04-09 15:16:35.642434,BIN_01,Sahid Nagar,20,OK
2025-04-09 15:16:35.661963,BIN_02,Patia,3,OK
2025-04-09 15:16:35.663965,BIN_03,Old Town,6,OK
2025-04-09 15:16:45.669137,BIN_01,Sahid Nagar,43,FULL
2025-04-09 15:16:45.720639,BIN_02,Patia,20,OK
2025-04-09 15:16:45.722645,BIN_03,Old Town,39,OK
2025-04-09 15:16:55.724289,BIN_01,Sahid Nagar,27,OK
2025-04-09 15:16:55.726307,BIN_02,Patia,41,FULL
2025-04-09 15:16:55.728306,BIN_03,Old Town,16,OK
2025-04-09 15:17:05.730259,BIN_01,Sahid Nagar,28,OK
2025-04-09 15:17:05.734500,BIN_02,Patia,7,OK
2025-04-09 15:17:05.736525,BIN_03,Old Town,1,OK
2025-04-09 15:17:15.740919,BIN_01,Sahid Nagar,29,OK
2025-04-09 15:17:15.743897,BIN_02,Patia,3,OK
2025-04-09 15:17:15.748426,BIN_03,Old Town,19,OK
2025-04-09 15:17:25.751254,BIN_01,Sahid Nagar,5,OK
2025-04-09 15:17:25.754270,BIN_02,Patia,19,OK
2025-04-09 15:17:25.759797,BIN_03,Old Town,5,OK
2025-04-09 15:17:35.767572,BIN_01,Sahid Nagar,45,FULL
2025-04-09 15:17:35.772752,BIN_02,Patia,1,OK
2025-04-09 15:17:35.780773,BIN_03,Old Town,32,OK
2025-04-09 15:17:45.783998,BIN_01,Sahid Nagar,9,OK
2025-04-09 15:17:45.786996,BIN_02,Patia,22,OK
2025-04-09 15:17:45.793136,BIN_03,Old Town,13,OK
2025-04-09 15:17:55.799242,BIN_01,Sahid Nagar,35,OK
2025-04-09 15:17:55.800771,BIN_02,Patia,35,OK
2025-04-09 15:17:55.805150,BIN_03,Old Town,50,FULL
2025-04-09 15:18:05.808367,BIN_01,Sahid Nagar,15,OK
2025-04-09 15:18:05.815447,BIN_02,Patia,22,OK
2025-04-09 15:18:05.816615,BIN_03,Old Town,2,OK
2025-04-09 15:18:15.818500,BIN_01,Sahid Nagar,39,OK
2025-04-09 15:18:15.822037,BIN_02,Patia,43,FULL
2025-04-09 15:18:15.825395,BIN_03,Old Town,13,OK
2025-04-09 15:18:25.827852,BIN_01,Sahid Nagar,41,FULL
2025-04-09 15:18:25.833873,BIN_02,Patia,28,OK
2025-04-09 15:18:25.835924,BIN_03,Old Town,47,FULL
2025-04-09 15:18:35.838272,BIN_01,Sahid Nagar,50,FULL
2025-04-09 15:18:35.843244,BIN_02,Patia,38,OK
2025-04-09 15:18:35.848118,BIN_03,Old Town,46,FULL
2025-04-09 15:18:45.852616,BIN_01,Sahid Nagar,43,FULL
2025-04-09 15:18:45.859409,BIN_02,Patia,40,FULL
2025-04-09 15:18:45.862400,BIN_03,Old Town,27,OK
2025-04-09 15:18:55.866951,BIN_01,Sahid Nagar,25,OK
2025-04-09 15:18:55.870508,BIN_02,Patia,35,OK
2025-04-09 15:18:55.875499,BIN_03,Old Town,26,OK
2025-04-09 15:19:05.883869,BIN_01,Sahid Nagar,47,FULL
2025-04-09 15:19:05.887246,BIN_02,Patia,50,FULL
2025-04-09 15:19:05.891261,BIN_03,Old Town,35,OK
2025-04-09 15:19:15.892960,BIN_01,Sahid Nagar,11,OK
2025-04-09 15:19:15.893982,BIN_02,Patia,41,FULL
2025-04-09 15:19:15.896175,BIN_03,Old Town,47,FULL
2025-04-09 15:19:25.898386,BIN_01,Sahid Nagar,47,FULL
2025-04-09 15:19:25.898889,BIN_02,Patia,49,FULL
2025-04-09 15:19:25.899896,BIN_03,Old Town,25,OK
2025-04-09 15:19:35.901048,BIN_01,Sahid Nagar,32,OK
2025-04-09 15:19:35.906607,BIN_02,Patia,26,OK
2025-04-09 15:19:35.912905,BIN_03,Old Town,34,OK
2025-04-09 15:19:45.923035,BIN_01,Sahid Nagar,2,OK
2025-04-09 15:19:45.928532,BIN_02,Patia,37,OK
2025-04-09 15:19:45.936524,BIN_03,Old Town,16,OK
2025-04-09 15:19:55.946376,BIN_01,Sahid Nagar,41,FULL
2025-04-09 15:19:55.950616,BIN_02,Patia,18,OK
2025-04-09 15:19:55.956150,BIN_03,Old Town,16,OK
2025-04-09 15:20:05.963292,BIN_01,Sahid Nagar,31,OK
2025-04-09 15:20:05.965325,BIN_02,Patia,37,OK
2025-04-09 15:20:05.967327,BIN_03,Old Town,22,OK
2025-04-09 15:20:15.970634,BIN_01,Sahid Nagar,18,OK
2025-04-09 15:20:15.987388,BIN_02,Patia,33,OK
2025-04-09 15:20:15.989388,BIN_03,Old Town,33,OK
2025-04-09 15:20:25.996581,BIN_01,Sahid Nagar,43,FULL
2025-04-09 15:20:25.999136,BIN_02,Patia,14,OK
2025-04-09 15:20:26.002902,BIN_03,Old Town,32,OK
2025-04-09 15:20:36.010019,BIN_01,Sahid Nagar,36,OK
2025-04-09 15:20:36.011517,BIN_02,Patia,39,OK
2025-04-09 15:20:36.012516,BIN_03,Old Town,44,FULL
2025-04-09 15:20:46.014369,BIN_01,Sahid Nagar,18,OK
2025-04-09 15:20:46.016593,BIN_02,Patia,28,OK
2025-04-09 15:20:46.017610,BIN_03,Old Town,21,OK
2025-04-09 15:20:56.019728,BIN_01,Sahid Nagar,19,OK
2025-04-09 15:20:56.020243,BIN_02,Patia,36,OK
2025-04-09 15:20:56.021540,BIN_03,Old Town,24,OK
2025-04-09 15:21:06.023032,BIN_01,Sahid Nagar,9,OK
2025-04-09 15:21:06.025224,BIN_02,Patia,11,OK
2025-04-09 15:21:06.026240,BIN_03,Old Town,20,OK
2025-04-09 15:21:16.028477,BIN_01,Sahid Nagar,18,OK
2025-04-09 15:21:16.031901,BIN_02,Patia,25,OK
2025-04-09 15:21:16.033900,BIN_03,Old Town,23,OK
2025-04-09 15:21:26.036892,BIN_01,Sahid Nagar,23,OK
2025-04-09 15:21:26.042245,BIN_02,Patia,37,OK
2025-04-09 15:21:26.046236,BIN_03,Old Town,22,OK
2025-04-09 15:21:36.048838,BIN_01,Sahid Nagar,16,OK
2025-04-09 15:21:36.050137,BIN_02,Patia,15,OK
2025-04-09 15:21:36.050137,BIN_03,Old Town,1,OK
2025-04-09 15:21:46.051817,BIN_01,Sahid Nagar,21,OK
2025-04-09 15:21:46.053787,BIN_02,Patia,3,OK
2025-04-09 15:21:46.053787,BIN_03,Old Town,50,FULL
2025-04-09 15:21:56.056791,BIN_01,Sahid Nagar,39,OK
2025-04-09 15:21:56.057824,BIN_02,Patia,1,OK
2025-04-09 15:21:56.059251,BIN_03,Old Town,16,OK
2025-04-09 15:22:06.061795,BIN_01,Sahid Nagar,23,OK
2025-04-09 15:22:06.063190,BIN_02,Patia,19,OK
2025-04-09 15:22:06.065518,BIN_03,Old Town,19,OK
2025-04-09 15:22:16.067080,BIN_01,Sahid Nagar,0,OK
2025-04-09 15:22:16.069195,BIN_02,Patia,34,OK
2025-04-09 15:22:16.070222,BIN_03,Old Town,46,FULL
2025-04-09 15:22:26.072903,BIN_01,Sahid Nagar,23,OK
2025-04-09 15:22:26.074234,BIN_02,Patia,31,OK
2025-04-09 15:22:26.075465,BIN_03,Old Town,8,OK
2025-04-09 15:22:36.078585,BIN_01,Sahid Nagar,15,OK
2025-04-09 15:22:36.081606,BIN_02,Patia,36,OK
2025-04-09 15:22:36.083490,BIN_03,Old Town,39,OK
2025-04-09 15:22:46.086022,BIN_01,Sahid Nagar,26,OK
2025-04-09 15:22:46.088038,BIN_02,Patia,36,OK
2025-04-09 15:22:46.093024,BIN_03,Old Town,19,OK
2025-04-09 15:22:56.095915,BIN_01,Sahid Nagar,39,OK
2025-04-09 15:22:56.098933,BIN_02,Patia,20,OK
2025-04-09 15:22:56.102933,BIN_03,Old Town,9,OK
2025-04-09 15:23:06.105305,BIN_01,Sahid Nagar,30,OK
2025-04-09 15:23:06.109325,BIN_02,Patia,0,OK
2025-04-09 15:23:06.111340,BIN_03,Old Town,48,FULL
2025-04-09 15:23:16.115496,BIN_01,Sahid Nagar,4,OK
2025-04-09 15:23:16.116522,BIN_02,Patia,24,OK
2025-04-09 15:23:16.118519,BIN_03,Old Town,28,OK
2025-04-09 15:23:26.120282,BIN_01,Sahid Nagar,35,OK
2025-04-09 15:23:26.121292,BIN_02,Patia,37,OK
2025-04-09 15:23:26.122294,BIN_03,Old Town,6,OK
2025-04-09 15:23:36.123401,BIN_01,Sahid Nagar,7,OK
2025-04-09 15:23:36.125801,BIN_02,Patia,21,OK
2025-04-09 15:23:36.127059,BIN_03,Old Town,4,OK
2025-04-09 15:23:46.129871,BIN_01,Sahid Nagar,22,OK
2025-04-09 15:23:46.133080,BIN_02,Patia,34,OK
2025-04-09 15:23:46.136181,BIN_03,Old Town,2,OK
2025-04-09 15:23:56.140310,BIN_01,Sahid Nagar,49,FULL
2025-04-09 15:23:56.141883,BIN_02,Patia,15,OK
2025-04-09 15:23:56.144339,BIN_03,Old Town,30,OK
2025-04-09 15:24:06.147181,BIN_01,Sahid Nagar,40,FULL
2025-04-09 15:24:06.149531,BIN_02,Patia,43,FULL
2025-04-09 15:24:06.151633,BIN_03,Old Town,12,OK
2025-04-09 15:24:16.155780,BIN_01,Sahid Nagar,23,OK
2025-04-09 15:24:16.157255,BIN_02,Patia,47,FULL
2025-04-09 15:24:16.157765,BIN_03,Old Town,30,OK
2025-04-09 15:24:26.159259,BIN_01,Sahid Nagar,25,OK
2025-04-09 15:24:26.161607,BIN_02,Patia,23,OK
2025-04-09 15:24:26.163006,BIN_03,Old Town,34,OK
2025-04-09 15:24:36.164752,BIN_01,Sahid Nagar,18,OK
2025-04-09 15:24:36.166790,BIN_02,Patia,3,OK
2025-04-09 15:24:36.168789,BIN_03,Old Town,37,OK
2025-04-09 15:24:46.170470,BIN_01,Sahid Nagar,11,OK
2025-04-09 15:24:46.181966,BIN_02,Patia,11,OK
2025-04-09 15:24:46.184963,BIN_03,Old Town,41,FULL
2025-04-09 15:24:56.186933,BIN_01,Sahid Nagar,24,OK
2025-04-09 15:24:56.188971,BIN_02,Patia,3,OK
2025-04-09 15:24:56.190969,BIN_03,Old Town,5,OK
2025-04-09 15:25:06.195729,BIN_01,Sahid Nagar,30,OK
2025-04-09 15:25:06.198755,BIN_02,Patia,4,OK
2025-04-09 15:25:06.201749,BIN_03,Old Town,3,OK
2025-04-09 15:25:16.204812,BIN_01,Sahid Nagar,40,FULL
2025-04-09 15:25:16.209582,BIN_02,Patia,8,OK
2025-04-09 15:25:16.213640,BIN_03,Old Town,24,OK
2025-04-09 15:25:26.216380,BIN_01,Sahid Nagar,28,OK
2025-04-09 15:25:26.217800,BIN_02,Patia,6,OK
2025-04-09 15:25:26.221198,BIN_03,Old Town,18,OK
2025-04-09 15:25:36.222700,BIN_01,Sahid Nagar,44,FULL
2025-04-09 15:25:36.225918,BIN_02,Patia,50,FULL
2025-04-09 15:25:36.226949,BIN_03,Old Town,36,OK
2025-04-09 15:25:46.232682,BIN_01,Sahid Nagar,23,OK
2025-04-09 15:25:46.234653,BIN_02,Patia,37,OK
2025-04-09 15:25:46.235674,BIN_03,Old Town,6,OK
2025-04-09 15:25:56.238125,BIN_01,Sahid Nagar,27,OK
2025-04-09 15:25:56.240656,BIN_02,Patia,47,FULL
2025-04-09 15:25:56.242673,BIN_03,Old Town,16,OK
2025-04-09 15:26:06.244539,BIN_01,Sahid Nagar,2,OK
2025-04-09 15:26:06.246571,BIN_02,Patia,38,OK
2025-04-09 15:26:06.247954,BIN_03,Old Town,23,OK
2025-04-09 15:26:16.250005,BIN_01,Sahid Nagar,17,OK
2025-04-09 15:26:16.252214,BIN_02,Patia,17,OK
2025-04-09 15:26:16.254568,BIN_03,Old Town,30,OK
2025-04-09 15:26:26.261085,BIN_01,Sahid Nagar,23,OK
2025-04-09 15:26:26.262154,BIN_02,Patia,30,OK
2025-04-09 15:26:26.264378,BIN_03,Old Town,41,FULL
2025-04-09 15:26:36.266253,BIN_01,Sahid Nagar,6,OK
2025-04-09 15:26:36.268912,BIN_02,Patia,17,OK
2025-04-09 15:26:36.269852,BIN_03,Old Town,18,OK
2025-04-09 15:26:46.272473,BIN_01,Sahid Nagar,26,OK
2025-04-09 15:26:46.275255,BIN_02,Patia,7,OK
2025-04-09 15:26:46.277274,BIN_03,Old Town,7,OK
2025-04-09 15:26:56.281549,BIN_01,Sahid Nagar,9,OK
2025-04-09 15:26:56.283868,BIN_02,Patia,12,OK
2025-04-09 15:26:56.285404,BIN_03,Old Town,26,OK
2025-04-09 15:27:06.298169,BIN_01,Sahid Nagar,41,FULL
2025-04-09 15:27:06.301330,BIN_02,Patia,18,OK
2025-04-09 15:27:06.303297,BIN_03,Old Town,6,OK
2025-04-09 15:27:16.308287,BIN_01,Sahid Nagar,24,OK
2025-04-09 15:27:16.310751,BIN_02,Patia,7,OK
2025-04-09 15:27:16.312284,BIN_03,Old Town,34,OK
2025-04-09 15:27:26.314127,BIN_01,Sahid Nagar,11,OK
2025-04-09 15:27:26.315142,BIN_02,Patia,21,OK
2025-04-09 15:27:26.317386,BIN_03,Old Town,40,FULL
2025-04-09 15:27:36.323487,BIN_01,Sahid Nagar,7,OK
2025-04-09 15:27:36.325019,BIN_02,Patia,36,OK
2025-04-09 15:27:36.326386,BIN_03,Old Town,37,OK
2025-04-09 15:27:46.327277,BIN_01,Sahid Nagar,6,OK
2025-04-09 15:27:46.333293,BIN_02,Patia,15,OK
2025-04-09 15:27:46.338062,BIN_03,Old Town,12,OK
2025-04-09 15:27:56.341615,BIN_01,Sahid Nagar,34,OK
2025-04-09 15:27:56.342654,BIN_02,Patia,35,OK
2025-04-09 15:27:56.345264,BIN_03,Old Town,44,FULL
2025-04-09 15:28:06.346986,BIN_01,Sahid Nagar,4,OK
2025-04-09 15:28:06.350028,BIN_02,Patia,44,FULL
2025-04-09 15:28:06.351031,BIN_03,Old Town,40,FULL
2025-04-09 15:28:16.353463,BIN_01,Sahid Nagar,11,OK
2025-04-09 15:28:16.355482,BIN_02,Patia,20,OK
2025-04-09 15:28:16.357696,BIN_03,Old Town,28,OK
2025-04-09 15:28:26.359586,BIN_01,Sahid Nagar,40,FULL
2025-04-09 15:28:26.361628,BIN_02,Patia,10,OK
2025-04-09 15:28:26.363628,BIN_03,Old Town,39,OK
2025-04-09 15:28:36.366257,BIN_01,Sahid Nagar,23,OK
2025-04-09 15:28:36.369420,BIN_02,Patia,35,OK
2025-04-09 15:28:36.371665,BIN_03,Old Town,43,FULL
2025-04-09 15:28:46.378261,BIN_01,Sahid Nagar,37,OK
2025-04-09 15:28:46.382192,BIN_02,Patia,7,OK
2025-04-09 15:28:46.383751,BIN_03,Old Town,49,FULL
2025-04-09 15:28:56.387355,BIN_01,Sahid Nagar,49,FULL
2025-04-09 15:28:56.398009,BIN_02,Patia,9,OK
2025-04-09 15:28:56.400020,BIN_03,Old Town,30,OK
2025-04-09 15:29:06.402955,BIN_01,Sahid Nagar,20,OK
2025-04-09 15:29:06.406065,BIN_02,Patia,42,FULL
2025-04-09 15:29:06.409085,BIN_03,Old Town,2,OK
2025-04-09 15:29:16.412750,BIN_01,Sahid Nagar,45,FULL
2025-04-09 15:29:16.416181,BIN_02,Patia,22,OK
2025-04-09 15:29:16.417197,BIN_03,Old Town,27,OK
2025-04-09 15:29:26.423503,BIN_01,Sahid Nagar,29,OK
2025-04-09 15:29:26.427195,BIN_02,Patia,38,OK
2025-04-09 15:29:26.428214,BIN_03,Old Town,37,OK
2025-04-09 15:29:36.430551,BIN_01,Sahid Nagar,18,OK
2025-04-09 15:29:36.433585,BIN_02,Patia,10,OK
2025-04-09 15:29:36.434600,BIN_03,Old Town,40,FULL
2025-04-09 15:29:46.436891,BIN_01,Sahid Nagar,20,OK
2025-04-09 15:29:46.441233,BIN_02,Patia,25,OK
2025-04-09 15:29:46.442763,BIN_03,Old Town,32,OK
2025-04-09 15:29:56.447122,BIN_01,Sahid Nagar,31,OK
2025-04-09 15:29:56.450206,BIN_02,Patia,13,OK
2025-04-09 15:29:56.451240,BIN_03,Old Town,29,OK
2025-04-09 15:30:06.453949,BIN_01,Sahid Nagar,44,FULL
2025-04-09 15:30:06.456460,BIN_02,Patia,45,FULL
2025-04-09 15:30:06.459361,BIN_03,Old Town,31,OK
