Timestamp,Temperature,Humidity,Soil Moisture,Rainfall,Irrigation Status
2025-04-09 14:03:36.481254,29.75,52.97,607,False,OFF
2025-04-09 14:03:40.490727,30.45,51.14,533,True,OFF
2025-04-09 14:03:46.482909,34.07,50.87,578,True,OFF
2025-04-09 14:03:50.495181,24.11,89.04,516,False,OFF
2025-04-09 14:03:56.485004,36.1,64.63,260,True,OFF
2025-04-09 14:04:00.500463,35.15,69.18,254,True,OFF
2025-04-09 14:04:06.488469,26.46,49.31,377,True,OFF
2025-04-09 14:04:10.505495,21.65,88.68,241,True,OFF
2025-04-09 14:04:16.491500,22.61,89.91,642,True,OFF
2025-04-09 14:04:20.511019,33.49,72.12,214,True,OFF
2025-04-09 14:04:26.495355,26.37,77.83,323,True,OFF
2025-04-09 14:04:30.516626,25.17,51.78,621,True,OFF
2025-04-09 14:04:36.520813,33.55,60.51,719,True,OFF
2025-04-09 14:04:40.521528,28.09,76.08,742,True,OFF
2025-04-09 14:04:46.524013,30.38,73.75,558,True,OFF
2025-04-09 14:04:50.526306,32.25,79.23,434,False,OFF
2025-04-09 14:04:56.525727,37.57,53.07,754,True,OFF
2025-04-09 14:05:00.530552,22.22,84.16,678,True,OFF
2025-04-09 14:05:06.527707,22.26,40.83,791,True,OFF
2025-04-09 14:05:10.542120,24.87,52.24,390,False,ON
2025-04-09 14:05:16.531772,34.74,61.98,736,True,OFF
2025-04-09 14:05:20.557643,24.46,85.51,531,True,OFF
2025-04-09 14:05:26.535921,22.58,69.74,741,False,OFF
2025-04-09 14:05:30.565970,22.87,83.8,584,True,OFF
2025-04-09 14:05:36.541508,23.37,46.04,747,False,OFF
2025-04-09 14:05:40.569346,33.03,74.53,328,False,ON
2025-04-09 14:05:46.544752,38.64,59.94,589,True,OFF
2025-04-09 14:05:50.574355,28.53,57.21,728,False,OFF
2025-04-09 14:05:56.547874,22.51,54.95,739,True,OFF
2025-04-09 14:06:00.578182,37.27,67.67,559,False,OFF
2025-04-09 14:06:06.552505,25.15,48.4,618,False,OFF
2025-04-09 14:06:10.580748,33.63,45.4,427,True,OFF
2025-04-09 14:06:16.555570,32.96,48.95,756,True,OFF
2025-04-09 14:06:20.584251,33.75,59.75,429,True,OFF
2025-04-09 14:06:26.559529,37.88,77.14,203,True,OFF
2025-04-09 14:06:30.588159,24.51,85.53,520,False,OFF
2025-04-09 14:06:36.566123,23.89,48.47,256,False,ON
2025-04-09 14:06:40.590357,30.07,83.51,385,False,ON
2025-04-09 14:06:46.569388,36.61,74.91,481,False,OFF
2025-04-09 14:06:50.599875,26.33,46.22,514,False,OFF
2025-04-09 14:06:56.573509,38.28,87.17,663,True,OFF
2025-04-09 14:07:00.602678,24.91,59.39,341,False,ON
2025-04-09 14:07:06.576787,32.52,78.26,775,False,OFF
2025-04-09 14:07:10.605635,28.06,41.07,456,True,OFF
2025-04-09 14:07:16.579679,37.76,57.71,291,True,OFF
2025-04-09 14:07:20.609415,25.76,62.21,241,False,ON
2025-04-09 14:07:26.581561,32.99,83.11,733,True,OFF
2025-04-09 14:07:30.613676,24.8,87.54,332,True,OFF
2025-04-09 14:07:36.583613,33.31,40.06,537,False,OFF
2025-04-09 14:07:40.617203,20.51,71.76,349,False,ON
2025-04-09 14:07:46.586693,31.28,71.65,473,True,OFF
2025-04-09 14:07:50.619091,22.65,43.12,417,True,OFF
2025-04-09 14:07:56.590673,21.96,70.11,789,False,OFF
2025-04-09 14:08:00.622862,22.48,61.2,527,False,OFF
2025-04-09 14:08:06.597721,25.57,49.33,493,False,OFF
2025-04-09 14:08:10.627378,24.3,62.19,688,False,OFF
2025-04-09 14:08:16.601073,32.42,53.66,328,False,ON
2025-04-09 14:08:20.631253,21.33,45.76,534,False,OFF
2025-04-09 14:08:26.602507,29.22,67.8,485,False,OFF
2025-04-09 14:08:30.637530,21.19,62.62,598,False,OFF
2025-04-09 14:08:36.606036,39.82,59.96,695,True,OFF
2025-04-09 14:08:40.649557,34.05,71.1,358,False,ON
2025-04-09 14:08:46.608190,25.41,67.72,286,True,OFF
2025-04-09 14:08:50.653521,23.06,58.43,705,True,OFF
2025-04-09 14:08:56.611450,36.66,76.61,479,False,OFF
2025-04-09 14:09:00.657954,36.21,57.77,595,True,OFF
2025-04-09 14:09:06.615340,25.32,44.01,581,False,OFF
2025-04-09 14:09:10.663469,24.86,44.85,213,True,OFF
2025-04-09 14:09:16.618101,30.84,84.98,236,False,ON
2025-04-09 14:09:20.668587,25.09,43.1,429,True,OFF
2025-04-09 14:09:26.621736,33.33,57.12,737,True,OFF
2025-04-09 14:09:30.673050,24.86,52.71,696,True,OFF
2025-04-09 14:09:36.624875,36.1,80.97,476,False,OFF
2025-04-09 14:09:40.674986,31.78,76.53,507,True,OFF
2025-04-09 14:09:46.627286,20.9,81.28,604,True,OFF
2025-04-09 14:09:50.678403,27.41,57.26,368,False,ON
2025-04-09 14:09:56.630021,20.12,57.4,358,False,ON
2025-04-09 14:10:00.682940,37.5,60.37,619,True,OFF
2025-04-09 14:10:06.634449,25.44,65.97,316,False,ON
2025-04-09 14:10:10.685688,29.44,80.21,739,True,OFF
2025-04-09 14:10:16.639233,36.14,83.59,327,True,OFF
2025-04-09 14:10:20.690384,34.94,75.48,307,False,ON
2025-04-09 14:10:26.642699,34.77,79.72,724,False,OFF
2025-04-09 14:10:30.694287,33.83,83.9,214,False,ON
2025-04-09 14:10:36.645918,33.07,65.51,572,False,OFF
2025-04-09 14:10:40.696576,37.24,87.51,332,True,OFF
2025-04-09 14:10:46.648589,23.63,48.59,329,True,OFF
2025-04-09 14:10:50.699804,33.36,82.04,632,False,OFF
2025-04-09 14:10:56.652939,28.9,87.63,744,False,OFF
2025-04-09 14:11:00.702741,39.74,56.53,376,True,OFF
2025-04-09 14:11:06.657231,25.43,77.14,412,True,OFF
2025-04-09 14:11:10.706612,23.17,45.89,407,True,OFF
2025-04-09 14:11:16.668480,31.5,51.31,419,True,OFF
2025-04-09 14:11:20.710172,34.28,78.93,768,True,OFF
2025-04-09 14:11:26.670922,32.32,49.72,650,True,OFF
2025-04-09 14:11:30.713524,28.69,74.7,753,False,OFF
2025-04-09 14:11:36.674213,32.5,59.84,216,False,ON
2025-04-09 14:11:40.720194,37.15,60.86,346,True,OFF
2025-04-09 14:11:46.677233,30.07,81.65,682,False,OFF
2025-04-09 14:11:50.736424,30.55,82.72,306,False,ON
2025-04-09 14:11:56.681953,25.4,51.26,585,False,OFF
2025-04-09 14:12:00.739426,30.98,88.06,782,True,OFF
2025-04-09 14:12:06.685633,22.37,88.79,629,True,OFF
2025-04-09 14:12:10.740962,28.8,62.56,219,False,ON
2025-04-09 14:12:16.687705,35.97,43.53,331,True,OFF
2025-04-09 14:12:20.743549,38.44,74.13,699,True,OFF
2025-04-09 14:12:26.692134,30.79,87.72,231,True,OFF
2025-04-09 14:12:30.747297,33.34,79.94,383,True,OFF
2025-04-09 14:12:36.702197,28.04,50.29,606,False,OFF
2025-04-09 14:12:40.750151,28.44,88.86,268,False,ON
2025-04-09 14:12:46.704717,36.67,52.42,540,True,OFF
2025-04-09 14:12:50.754734,37.44,78.38,738,False,OFF
2025-04-09 14:12:56.708354,37.72,88.27,441,True,OFF
2025-04-09 14:13:00.758902,20.58,64.89,726,True,OFF
2025-04-09 14:13:06.714252,29.57,82.51,442,True,OFF
2025-04-09 14:13:10.762950,28.07,61.55,631,False,OFF
2025-04-09 14:13:16.716830,35.93,78.19,783,True,OFF
2025-04-09 14:13:20.765138,25.76,76.73,768,True,OFF
2025-04-09 14:13:26.719139,24.06,85.14,521,False,OFF
2025-04-09 14:13:30.768679,29.35,55.82,668,True,OFF
2025-04-09 14:13:36.724001,30.05,87.66,395,True,OFF
2025-04-09 14:13:40.772217,37.63,46.91,604,False,OFF
2025-04-09 14:13:46.728091,39.29,88.47,476,False,OFF
2025-04-09 14:13:50.774671,24.92,67.48,599,False,OFF
2025-04-09 14:13:56.731750,25.86,60.28,627,False,OFF
2025-04-09 14:14:00.777585,22.41,86.17,443,False,OFF
2025-04-09 14:14:06.735998,39.95,85.19,471,True,OFF
2025-04-09 14:14:10.781996,35.32,68.13,631,False,OFF
2025-04-09 14:14:16.739885,27.4,45.83,768,True,OFF
2025-04-09 14:14:20.784256,29.48,54.25,314,True,OFF
2025-04-09 14:14:26.748345,24.61,80.2,562,False,OFF
2025-04-09 14:14:30.788008,20.82,50.79,611,False,OFF
2025-04-09 14:14:36.763622,22.99,61.94,583,True,OFF
2025-04-09 14:14:40.790820,34.5,89.09,636,True,OFF
2025-04-09 14:14:46.769067,30.67,47.79,554,True,OFF
2025-04-09 14:14:50.794686,20.5,72.91,242,False,ON
2025-04-09 14:14:56.774730,33.93,80.51,341,True,OFF
2025-04-09 14:15:00.798900,37.09,40.12,477,True,OFF
2025-04-09 14:15:06.780095,20.48,42.4,448,False,OFF
2025-04-09 14:15:10.801569,29.29,44.19,302,False,ON
2025-04-09 14:15:16.783662,27.7,78.12,423,False,OFF
2025-04-09 14:15:20.810943,22.3,44.22,358,False,ON
2025-04-09 14:15:26.786198,26.28,65.27,626,False,OFF
2025-04-09 14:15:30.818311,23.4,52.42,390,False,ON
2025-04-09 14:15:36.789636,35.83,40.64,714,True,OFF
2025-04-09 14:15:40.821422,31.59,69.03,394,False,ON
2025-04-09 14:15:46.793394,26.01,53.29,372,True,OFF
2025-04-09 14:15:50.823510,36.17,70.25,218,True,OFF
2025-04-09 14:15:56.795017,39.51,87.16,501,True,OFF
2025-04-09 14:16:00.827433,33.1,76.3,774,True,OFF
2025-04-09 14:16:06.799049,38.43,67.6,703,True,OFF
2025-04-09 14:16:10.834749,33.43,66.2,761,True,OFF
2025-04-09 14:16:16.804132,22.57,44.88,279,False,ON
2025-04-09 14:16:20.838468,22.14,72.01,480,False,OFF
2025-04-09 14:16:26.806103,35.04,89.95,670,True,OFF
2025-04-09 14:16:30.840273,34.91,44.55,759,False,OFF
2025-04-09 14:16:36.808574,30.52,75.62,205,True,OFF
2025-04-09 14:16:40.843867,28.86,86.85,449,False,OFF
2025-04-09 14:16:46.814555,34.1,63.88,537,True,OFF
2025-04-09 14:16:50.846589,31.57,64.95,210,True,OFF
2025-04-09 14:16:56.817796,33.4,59.66,638,True,OFF
2025-04-09 14:17:00.850989,38.43,42.2,455,False,OFF
2025-04-09 14:17:06.821305,39.81,66.77,388,False,ON
2025-04-09 14:17:10.854926,38.54,46.18,610,True,OFF
2025-04-09 14:17:16.824372,38.25,59.44,614,False,OFF
2025-04-09 14:17:20.857307,23.46,50.49,515,False,OFF
2025-04-09 14:17:26.826434,20.1,60.76,231,False,ON
2025-04-09 14:17:30.860036,31.52,68.16,574,True,OFF
2025-04-09 14:17:36.830056,28.36,57.82,565,True,OFF
2025-04-09 14:17:40.862481,36.6,66.73,370,True,OFF
2025-04-09 14:17:46.833548,29.19,72.56,647,False,OFF
2025-04-09 14:17:50.865368,39.92,77.38,449,False,OFF
2025-04-09 14:17:56.837774,32.64,59.26,211,False,ON
2025-04-09 14:18:00.868406,21.98,71.58,284,False,ON
2025-04-09 14:18:06.842547,29.14,79.5,726,True,OFF
2025-04-09 14:18:10.871696,29.59,71.81,594,True,OFF
2025-04-09 14:18:16.847376,26.49,68.68,336,False,ON
2025-04-09 14:18:20.876985,39.63,53.48,694,False,OFF
2025-04-09 14:18:26.850955,26.03,58.28,680,False,OFF
2025-04-09 14:18:30.883484,35.75,67.6,640,False,OFF
2025-04-09 14:18:36.855238,29.65,41.29,503,False,OFF
2025-04-09 14:18:40.888176,33.03,47.85,229,True,OFF
2025-04-09 14:18:46.857476,31.01,57.89,205,True,OFF
2025-04-09 14:18:50.891710,21.7,84.04,277,True,OFF
2025-04-09 14:18:56.861154,25.9,65.5,379,False,ON
2025-04-09 14:19:00.896195,26.15,84.81,553,False,OFF
2025-04-09 14:19:06.863835,38.87,71.95,376,False,ON
2025-04-09 14:19:10.898196,36.77,84.7,744,False,OFF
2025-04-09 14:19:16.867326,21.53,43.2,331,True,OFF
2025-04-09 14:19:20.903248,35.74,77.65,305,False,ON
2025-04-09 14:19:26.871089,37.96,80.42,729,True,OFF
2025-04-09 14:19:30.906248,36.35,58.39,250,True,OFF
2025-04-09 14:19:36.874781,38.07,64.9,286,False,ON
2025-04-09 14:19:40.909792,39.45,48.47,687,False,OFF
2025-04-09 14:19:46.882480,28.1,75.93,214,False,ON
2025-04-09 14:19:50.913452,20.6,65.59,392,True,OFF
2025-04-09 14:19:56.899634,22.26,88.93,359,False,ON
2025-04-09 14:20:00.916861,21.26,80.4,528,True,OFF
2025-04-09 14:20:06.912707,34.98,41.71,655,True,OFF
2025-04-09 14:20:10.920778,27.99,84.27,472,False,OFF
2025-04-09 14:20:16.916284,26.29,84.55,777,False,OFF
2025-04-09 14:20:20.925841,39.07,81.68,624,False,OFF
2025-04-09 14:20:26.917481,26.84,41.02,310,False,ON
2025-04-09 14:20:30.929313,31.71,69.61,203,False,ON
2025-04-09 14:20:36.919899,21.74,84.05,714,False,OFF
2025-04-09 14:20:40.934066,38.29,57.07,795,False,OFF
2025-04-09 14:20:46.924122,26.33,76.05,514,True,OFF
2025-04-09 14:20:50.937262,36.48,72.76,464,False,OFF
2025-04-09 14:20:56.929484,32.33,80.25,335,False,ON
2025-04-09 14:21:00.941078,24.41,67.05,265,False,ON
2025-04-09 14:21:06.933054,25.14,84.62,356,True,OFF
2025-04-09 14:21:10.944654,37.05,59.25,800,False,OFF
2025-04-09 14:21:16.936286,32.68,46.71,513,True,OFF
2025-04-09 14:21:20.948122,23.69,88.73,556,True,OFF
2025-04-09 14:21:26.939928,30.66,85.0,650,False,OFF
2025-04-09 14:21:30.952035,34.72,71.14,347,True,OFF
2025-04-09 14:21:36.943764,26.56,78.14,634,False,OFF
2025-04-09 14:21:40.956410,37.63,57.99,384,False,ON
2025-04-09 14:21:46.947491,30.63,78.53,248,True,OFF
2025-04-09 14:21:50.964309,39.73,70.27,282,False,ON
2025-04-09 14:21:56.950581,22.35,42.59,391,True,OFF
2025-04-09 14:22:00.968114,33.17,85.0,409,False,OFF
2025-04-09 14:22:06.952904,32.9,89.17,718,True,OFF
2025-04-09 14:22:10.971317,38.31,63.23,589,False,OFF
2025-04-09 14:22:16.955298,27.38,87.96,510,False,OFF
2025-04-09 14:22:20.974832,26.12,43.54,328,False,ON
2025-04-09 14:22:26.960111,36.83,69.83,746,False,OFF
2025-04-09 14:22:30.990364,27.53,78.16,617,False,OFF
2025-04-09 14:22:36.965554,36.37,48.68,226,True,OFF
2025-04-09 14:22:41.013809,22.21,44.98,607,True,OFF
2025-04-09 14:22:47.047321,33.07,71.08,318,True,OFF
2025-04-09 14:22:51.017844,32.46,62.17,502,True,OFF
2025-04-09 14:22:57.050219,30.32,50.85,698,False,OFF
2025-04-09 14:23:01.020894,21.74,76.12,645,True,OFF
2025-04-09 14:23:07.053938,39.31,57.7,689,False,OFF
2025-04-09 14:23:11.023548,30.82,78.54,401,True,OFF
2025-04-09 14:23:17.056943,36.81,76.15,490,False,OFF
2025-04-09 14:23:21.030834,32.27,89.03,254,True,OFF
2025-04-09 14:23:27.068033,37.56,84.78,784,False,OFF
2025-04-09 14:23:31.036221,21.35,49.08,425,True,OFF
2025-04-09 14:23:37.094369,28.28,86.62,474,False,OFF
2025-04-09 14:23:41.040760,35.45,58.54,537,False,OFF
2025-04-09 14:23:47.096962,28.98,79.12,740,True,OFF
2025-04-09 14:23:51.044735,22.77,43.05,383,False,ON
2025-04-09 14:23:57.098705,23.3,52.27,543,True,OFF
2025-04-09 14:24:01.047796,25.89,43.65,321,True,OFF
2025-04-09 14:24:07.101851,38.29,40.12,442,True,OFF
2025-04-09 14:24:11.050786,28.6,88.17,639,True,OFF
2025-04-09 14:24:17.107545,30.74,66.22,456,False,OFF
2025-04-09 14:24:21.054957,20.39,50.28,473,False,OFF
2025-04-09 14:24:27.112350,39.75,63.51,651,True,OFF
2025-04-09 14:24:31.059084,33.61,59.62,730,True,OFF
2025-04-09 14:24:37.120410,39.87,52.6,379,False,ON
2025-04-09 14:24:41.063442,38.99,48.91,302,False,ON
2025-04-09 14:24:47.122695,29.65,63.46,785,True,OFF
2025-04-09 14:24:51.067613,22.04,50.04,502,False,OFF
2025-04-09 14:24:57.125401,23.89,43.14,493,True,OFF
2025-04-09 14:25:01.070797,29.4,82.37,649,False,OFF
2025-04-09 14:25:07.128004,35.84,67.54,613,False,OFF
2025-04-09 14:25:11.074887,39.34,45.48,706,True,OFF
2025-04-09 14:25:17.130629,23.73,78.71,263,False,ON
2025-04-09 14:25:21.078418,35.02,68.24,753,False,OFF
2025-04-09 14:25:27.132430,20.98,48.71,359,False,ON
2025-04-09 14:25:31.082313,36.7,78.43,560,True,OFF
2025-04-09 14:25:37.135852,26.4,83.87,620,False,OFF
2025-04-09 14:25:41.084487,29.73,65.92,240,True,OFF
2025-04-09 14:25:47.138599,30.94,42.67,232,False,ON
2025-04-09 14:25:51.087798,27.09,56.62,373,True,OFF
2025-04-09 14:25:57.142188,24.21,79.29,205,False,ON
2025-04-09 14:26:01.090957,32.81,59.51,453,True,OFF
2025-04-09 14:26:07.153832,26.34,57.17,571,True,OFF
2025-04-09 14:26:11.094945,25.29,81.57,380,True,OFF
2025-04-09 14:26:17.157300,26.85,46.21,361,True,OFF
2025-04-09 14:26:21.097223,28.31,47.66,788,False,OFF
2025-04-09 14:26:27.159653,29.06,61.75,493,False,OFF
2025-04-09 14:26:31.101042,38.6,69.94,603,True,OFF
2025-04-09 14:26:37.163924,31.38,81.94,234,False,ON
2025-04-09 14:26:41.104104,33.61,75.49,645,False,OFF
2025-04-09 14:26:47.167676,36.2,80.74,314,False,ON
2025-04-09 14:26:51.107633,22.13,86.62,588,True,OFF
2025-04-09 14:26:57.171161,30.76,42.89,573,True,OFF
2025-04-09 14:27:01.110419,20.86,74.76,383,True,OFF
2025-04-09 14:27:07.181054,26.06,53.98,718,False,OFF
2025-04-09 14:27:11.115817,31.09,85.04,777,False,OFF
2025-04-09 14:27:17.188222,26.1,69.33,654,False,OFF
2025-04-09 14:27:21.118430,21.5,72.38,716,False,OFF
2025-04-09 14:27:27.217445,23.82,83.08,734,True,OFF
2025-04-09 14:27:31.121769,34.96,51.81,326,True,OFF
2025-04-09 14:27:37.219746,26.93,86.17,767,False,OFF
2025-04-09 14:27:41.123328,31.54,73.98,534,False,OFF
2025-04-09 14:27:47.222094,33.65,80.94,424,True,OFF
2025-04-09 14:27:51.136352,20.45,80.54,761,True,OFF
2025-04-09 14:27:57.382958,29.91,75.44,595,False,OFF
2025-04-09 14:28:01.142650,29.79,81.81,494,True,OFF
2025-04-09 14:28:07.385144,34.5,85.09,630,False,OFF
2025-04-09 14:28:11.147821,27.26,62.22,518,False,OFF
2025-04-09 14:28:17.387091,24.57,53.41,681,False,OFF
2025-04-09 14:28:21.151261,27.7,53.64,214,False,ON
2025-04-09 14:28:27.398712,28.95,54.45,752,False,OFF
2025-04-09 14:28:31.155862,28.36,48.73,530,True,OFF
2025-04-09 14:28:37.400239,30.43,89.6,780,True,OFF
2025-04-09 14:28:41.158893,35.09,82.88,789,False,OFF
2025-04-09 14:28:47.401994,23.94,41.58,252,False,ON
2025-04-09 14:28:51.162850,31.39,89.92,752,True,OFF
2025-04-09 14:28:57.406459,25.3,72.76,267,False,ON
2025-04-09 14:29:01.166396,26.05,51.09,247,True,OFF
2025-04-09 14:29:07.411596,36.3,79.82,418,True,OFF
2025-04-09 14:29:11.169082,29.12,71.16,396,True,OFF
2025-04-09 14:29:17.416784,37.7,44.61,715,True,OFF
2025-04-09 14:29:21.173168,24.95,58.34,674,True,OFF
2025-04-09 14:29:27.421603,36.38,59.03,382,True,OFF
2025-04-09 14:29:31.176612,27.86,77.29,614,True,OFF
2025-04-09 14:29:37.423780,30.16,64.1,697,True,OFF
2025-04-09 14:29:41.181660,32.14,65.12,314,True,OFF
2025-04-09 14:29:47.428375,22.21,55.44,695,False,OFF
2025-04-09 14:29:51.190121,39.94,46.63,523,True,OFF
2025-04-09 14:29:57.437111,31.65,40.49,432,True,OFF
2025-04-09 14:30:01.200080,20.31,84.14,379,False,ON
2025-04-09 14:30:07.441320,22.48,52.44,484,True,OFF
2025-04-09 14:30:11.203171,23.98,47.62,723,True,OFF
2025-04-09 14:30:17.444871,33.68,50.49,736,True,OFF
2025-04-09 14:30:21.206755,22.99,65.73,484,False,OFF
2025-04-09 14:30:27.447302,31.8,46.11,263,True,OFF
2025-04-09 14:30:31.210324,26.81,69.0,653,True,OFF
2025-04-09 14:30:37.450017,25.54,40.85,422,True,OFF
2025-04-09 14:30:41.211832,30.57,60.82,345,False,ON
2025-04-09 14:30:47.454869,20.02,61.24,756,True,OFF
2025-04-09 14:30:51.214607,31.99,45.59,448,False,OFF
2025-04-09 14:30:57.456742,38.85,56.0,487,True,OFF
2025-04-09 14:31:01.218283,32.7,84.54,613,False,OFF
2025-04-09 14:31:07.461110,36.14,54.81,708,False,OFF
2025-04-09 14:31:11.219977,32.77,42.01,431,False,OFF
2025-04-09 14:31:17.463217,36.99,84.61,627,False,OFF
2025-04-09 14:31:21.222896,38.81,43.53,411,True,OFF
2025-04-09 14:31:27.470118,32.37,46.09,614,True,OFF
2025-04-09 14:31:31.225488,35.56,40.91,380,True,OFF
2025-04-09 14:31:37.475974,29.19,70.52,558,True,OFF
2025-04-09 14:31:41.229886,20.88,79.11,612,False,OFF
2025-04-09 14:31:47.496920,21.22,85.77,310,False,ON
2025-04-09 14:31:51.234966,26.64,69.97,378,False,ON
2025-04-09 14:31:57.508847,32.42,65.09,468,True,OFF
2025-04-09 14:32:01.237299,28.03,53.89,372,False,ON
2025-04-09 14:32:07.520200,20.94,59.61,538,True,OFF
2025-04-09 14:32:11.240525,23.25,43.89,528,True,OFF
2025-04-09 14:32:17.524268,35.98,89.65,519,False,OFF
2025-04-09 14:32:21.244838,26.35,43.13,728,False,OFF
2025-04-09 14:32:27.534071,20.39,62.9,696,False,OFF
2025-04-09 14:32:31.249523,36.69,86.63,484,False,OFF
2025-04-09 14:32:37.535623,36.38,77.01,741,False,OFF
2025-04-09 14:32:41.255968,20.56,88.93,302,False,ON
2025-04-09 14:32:47.538813,38.86,41.65,735,True,OFF
2025-04-09 14:32:51.263441,27.79,48.95,653,False,OFF
2025-04-09 14:32:57.565639,25.38,45.34,613,True,OFF
2025-04-09 14:33:01.269931,30.64,48.56,774,False,OFF
2025-04-09 14:33:07.583760,23.99,78.68,262,False,ON
2025-04-09 14:33:11.272020,36.73,58.54,280,False,ON
2025-04-09 14:33:17.598408,28.22,84.88,447,True,OFF
2025-04-09 14:33:21.275747,31.78,56.29,749,False,OFF
2025-04-09 14:33:27.601152,35.0,65.47,567,True,OFF
2025-04-09 14:33:31.282092,24.21,82.52,794,False,OFF
2025-04-09 14:33:37.611436,25.0,64.31,567,True,OFF
2025-04-09 14:33:41.284687,25.77,69.6,791,True,OFF
2025-04-09 14:33:47.616697,36.28,79.97,419,True,OFF
2025-04-09 14:33:51.290995,21.0,48.79,627,False,OFF
2025-04-09 14:33:57.622904,33.92,79.82,456,True,OFF
2025-04-09 14:34:01.295646,36.42,80.52,356,False,ON
2025-04-09 14:34:07.628626,24.49,63.57,524,True,OFF
2025-04-09 14:34:11.299190,38.44,52.1,683,True,OFF
2025-04-09 14:34:17.632080,37.37,48.87,449,True,OFF
2025-04-09 14:34:21.303655,32.44,79.16,351,False,ON
2025-04-09 14:34:27.657678,29.01,70.22,309,True,OFF
2025-04-09 14:34:31.308428,25.56,88.26,459,True,OFF
2025-04-09 14:34:37.663487,23.45,63.19,377,False,ON
2025-04-09 14:34:41.311931,32.69,76.39,227,True,OFF
2025-04-09 14:34:47.666851,30.27,43.14,359,True,OFF
2025-04-09 14:34:51.316436,30.83,87.39,459,False,OFF
2025-04-09 14:34:57.699230,30.66,76.63,659,True,OFF
2025-04-09 14:35:01.319323,28.43,64.97,414,True,OFF
2025-04-09 14:35:07.700646,28.51,85.75,706,True,OFF
2025-04-09 14:35:11.322940,26.62,87.51,399,True,OFF
2025-04-09 14:35:17.710665,24.57,70.27,314,True,OFF
2025-04-09 14:35:21.331946,21.7,47.45,380,True,OFF
2025-04-09 14:35:27.726189,39.62,69.24,222,False,ON
2025-04-09 14:35:31.344499,27.7,55.24,702,True,OFF
2025-04-09 14:35:37.732999,33.53,51.69,680,False,OFF
2025-04-09 14:35:41.354406,32.7,69.76,644,False,OFF
2025-04-09 14:35:47.739716,27.52,59.53,425,False,OFF
2025-04-09 14:35:51.359438,23.54,66.99,384,False,ON
2025-04-09 14:35:57.746853,34.92,47.39,506,True,OFF
2025-04-09 14:36:01.362517,31.01,69.56,305,True,OFF
2025-04-09 14:36:07.750201,30.46,86.63,517,True,OFF
2025-04-09 14:36:11.367078,25.63,56.52,403,False,OFF
2025-04-09 14:36:17.753394,26.34,84.93,392,False,ON
2025-04-09 14:36:21.371043,34.01,63.91,289,False,ON
2025-04-09 14:36:27.756608,26.21,50.56,418,True,OFF
2025-04-09 14:36:31.376237,26.9,70.47,235,False,ON
2025-04-09 14:36:37.765373,28.47,70.58,716,False,OFF
2025-04-09 14:36:41.383352,38.0,44.51,469,False,OFF
2025-04-09 14:36:47.766872,30.16,50.06,714,True,OFF
2025-04-09 14:36:51.386016,28.49,77.89,284,False,ON
2025-04-09 14:36:57.770596,21.71,51.55,748,False,OFF
2025-04-09 14:37:01.388709,29.02,75.27,381,False,ON
2025-04-09 14:37:07.775198,27.9,40.68,376,True,OFF
2025-04-09 14:37:11.392136,36.63,89.05,736,False,OFF
2025-04-09 14:37:17.777483,21.17,63.72,549,True,OFF
2025-04-09 14:37:21.396180,30.13,54.9,405,False,OFF
2025-04-09 14:37:27.792467,22.67,62.32,746,True,OFF
2025-04-09 14:37:31.398882,29.45,64.88,685,False,OFF
2025-04-09 14:37:37.796509,25.75,85.91,693,True,OFF
2025-04-09 14:37:41.402480,23.94,81.74,223,True,OFF
2025-04-09 14:37:47.802005,35.94,85.81,339,False,ON
2025-04-09 14:37:51.407473,20.04,42.64,317,True,OFF
2025-04-09 14:37:57.814181,35.61,52.37,616,False,OFF
2025-04-09 14:38:01.410383,21.31,57.28,777,True,OFF
2025-04-09 14:38:07.825763,30.19,66.75,670,True,OFF
2025-04-09 14:38:11.413701,26.19,50.03,328,True,OFF
2025-04-09 14:38:17.827690,31.85,45.0,762,False,OFF
2025-04-09 14:38:21.415513,36.3,86.61,505,False,OFF
2025-04-09 14:38:27.843254,23.57,41.29,231,False,ON
2025-04-09 14:38:31.418993,38.33,68.49,400,True,OFF
2025-04-09 14:38:37.850398,37.49,83.23,442,False,OFF
2025-04-09 14:38:41.422492,32.02,72.7,308,False,ON
2025-04-09 14:38:47.856053,24.46,86.57,723,True,OFF
2025-04-09 14:38:51.425363,35.72,82.5,308,False,ON
2025-04-09 14:38:57.861803,27.25,88.46,762,True,OFF
2025-04-09 14:39:01.430162,22.3,83.21,282,False,ON
2025-04-09 14:39:07.863721,31.76,81.51,276,False,ON
2025-04-09 14:39:11.432290,23.38,66.34,229,True,OFF
2025-04-09 14:39:17.868058,34.31,74.99,444,True,OFF
2025-04-09 14:39:21.435716,36.48,70.63,418,False,OFF
2025-04-09 14:39:27.883845,25.81,42.56,321,True,OFF
2025-04-09 14:39:31.438720,23.42,87.2,546,True,OFF
2025-04-09 14:39:37.886751,35.58,72.43,462,False,OFF
2025-04-09 14:39:41.442176,35.56,69.5,601,True,OFF
2025-04-09 14:39:47.889181,38.25,81.64,496,True,OFF
2025-04-09 14:39:51.445225,32.07,67.6,386,False,ON
2025-04-09 14:39:57.902856,21.31,49.84,737,False,OFF
2025-04-09 14:40:01.447036,22.86,72.53,382,False,ON
2025-04-09 14:40:07.905075,39.27,86.67,749,False,OFF
2025-04-09 14:40:11.451598,22.86,84.04,351,False,ON
2025-04-09 14:40:17.921932,31.59,72.58,467,True,OFF
2025-04-09 14:40:21.454772,32.97,64.09,772,False,OFF
2025-04-09 14:40:27.927550,29.53,53.97,327,False,ON
2025-04-09 14:40:31.458397,28.93,70.17,480,False,OFF
2025-04-09 14:40:37.930940,32.61,42.24,459,False,OFF
2025-04-09 14:40:41.461916,22.98,58.69,271,True,OFF
2025-04-09 14:40:47.935088,39.55,68.52,795,True,OFF
2025-04-09 14:40:51.466326,21.6,72.24,725,True,OFF
2025-04-09 14:40:57.940022,33.52,88.63,560,False,OFF
2025-04-09 14:41:01.469724,26.12,82.02,561,False,OFF
2025-04-09 14:41:07.947530,25.4,77.1,719,True,OFF
2025-04-09 14:41:11.473271,38.23,50.97,433,False,OFF
2025-04-09 14:41:17.963297,20.95,63.82,305,False,ON
2025-04-09 14:41:21.475871,21.25,46.02,503,False,OFF
2025-04-09 14:41:27.970779,31.22,74.7,378,False,ON
2025-04-09 14:41:31.480825,29.4,78.28,384,False,ON
2025-04-09 14:41:37.987381,30.3,50.13,767,False,OFF
2025-04-09 14:41:41.483600,32.13,66.24,487,True,OFF
2025-04-09 14:41:47.989789,33.23,43.0,253,True,OFF
2025-04-09 14:41:51.486419,35.53,77.67,542,True,OFF
2025-04-09 14:41:57.993865,33.45,88.15,397,True,OFF
2025-04-09 14:42:01.490339,25.9,86.59,640,True,OFF
2025-04-09 14:42:07.996059,34.44,82.94,748,True,OFF
2025-04-09 14:42:11.493994,29.28,84.64,724,True,OFF
2025-04-09 14:42:18.002544,20.31,47.86,348,True,OFF
2025-04-09 14:42:21.498698,24.23,64.34,440,False,OFF
2025-04-09 14:42:28.010854,38.05,69.7,594,True,OFF
2025-04-09 14:42:31.503540,34.76,86.11,500,False,OFF
2025-04-09 14:42:38.016442,32.58,42.1,553,False,OFF
2025-04-09 14:42:41.506754,35.96,64.68,249,True,OFF
2025-04-09 14:42:48.019091,24.1,70.43,692,False,OFF
2025-04-09 14:42:51.513472,28.14,74.97,385,False,ON
2025-04-09 14:42:58.020742,32.5,76.6,208,False,ON
2025-04-09 14:43:01.521319,20.04,85.29,400,False,OFF
2025-04-09 14:43:08.034831,39.15,65.35,388,False,ON
2025-04-09 14:43:11.525073,33.67,50.61,267,False,ON
2025-04-09 14:43:18.036584,26.11,49.36,510,True,OFF
2025-04-09 14:43:21.530012,29.26,54.68,374,True,OFF
2025-04-09 14:43:28.044620,20.18,84.44,426,True,OFF
2025-04-09 14:43:31.535025,30.97,74.22,505,True,OFF
2025-04-09 14:43:38.060453,29.41,76.28,296,True,OFF
2025-04-09 14:43:41.538510,25.94,68.61,721,True,OFF
2025-04-09 14:43:48.068895,36.58,66.71,742,True,OFF
2025-04-09 14:43:51.540430,28.79,55.75,474,False,OFF
2025-04-09 14:43:58.076917,25.78,42.69,431,False,OFF
2025-04-09 14:44:01.543553,33.05,72.65,674,True,OFF
2025-04-09 14:44:08.089471,22.59,40.68,635,True,OFF
2025-04-09 14:44:11.550753,36.16,40.68,672,False,OFF
2025-04-09 14:44:18.093340,37.4,51.58,777,True,OFF
2025-04-09 14:44:21.563520,21.03,43.48,645,True,OFF
2025-04-09 14:44:28.106514,23.95,73.59,541,True,OFF
2025-04-09 14:44:31.567092,34.41,57.86,402,False,OFF
2025-04-09 14:44:38.112154,38.49,86.91,468,True,OFF
2025-04-09 14:44:41.571884,35.01,57.97,299,True,OFF
2025-04-09 14:44:48.114405,35.14,75.96,636,False,OFF
2025-04-09 14:44:51.580717,33.75,58.34,272,False,ON
2025-04-09 14:44:58.139271,39.01,64.03,370,True,OFF
2025-04-09 14:45:01.584230,21.46,72.29,381,True,OFF
2025-04-09 14:45:08.148706,23.9,75.86,434,True,OFF
2025-04-09 14:45:11.587337,21.78,62.7,519,True,OFF
2025-04-09 14:45:18.151735,20.03,51.39,468,False,OFF
2025-04-09 14:45:21.590510,36.52,65.25,383,False,ON
2025-04-09 14:45:28.162793,34.72,40.74,228,False,ON
2025-04-09 14:45:31.595908,25.96,86.32,538,True,OFF
2025-04-09 14:45:38.169912,31.99,44.27,666,True,OFF
2025-04-09 14:45:41.599777,37.28,59.03,672,True,OFF
2025-04-09 14:45:48.178447,38.45,77.75,458,True,OFF
2025-04-09 14:45:51.603440,31.09,69.0,608,True,OFF
2025-04-09 14:45:58.188816,38.31,42.24,213,True,OFF
2025-04-09 14:46:01.607319,25.04,84.77,682,True,OFF
2025-04-09 14:46:08.220402,27.43,88.64,508,False,OFF
2025-04-09 14:46:11.607973,20.31,68.59,301,True,OFF
2025-04-09 14:46:18.231159,31.72,45.05,229,False,ON
2025-04-09 14:46:21.611806,25.08,66.5,569,True,OFF
2025-04-09 14:46:28.244630,20.9,49.02,565,False,OFF
2025-04-09 14:46:31.615247,31.0,63.03,375,False,ON
2025-04-09 14:46:38.247951,22.87,74.58,723,True,OFF
2025-04-09 14:46:41.618379,31.73,56.99,396,True,OFF
2025-04-09 14:46:48.249787,29.15,65.11,490,True,OFF
2025-04-09 14:46:51.623119,38.57,85.29,688,True,OFF
2025-04-09 14:46:58.263517,35.87,81.95,620,True,OFF
2025-04-09 14:47:01.627339,29.95,43.71,229,False,ON
2025-04-09 14:47:08.270539,34.7,84.33,307,False,ON
2025-04-09 14:47:11.631252,27.01,53.05,757,False,OFF
2025-04-09 14:47:18.273027,22.79,87.5,490,True,OFF
2025-04-09 14:47:21.634018,21.55,70.64,512,True,OFF
2025-04-09 14:47:28.289210,35.43,75.73,225,False,ON
2025-04-09 14:47:31.638194,35.25,51.08,201,True,OFF
2025-04-09 14:47:38.292097,24.42,43.67,538,False,OFF
2025-04-09 14:47:41.641502,32.85,62.13,230,False,ON
2025-04-09 14:47:48.304101,24.5,44.18,530,True,OFF
2025-04-09 14:47:51.644499,23.55,40.73,797,True,OFF
2025-04-09 14:47:58.307426,30.91,63.53,734,True,OFF
2025-04-09 14:48:01.651209,35.92,60.29,204,False,ON
2025-04-09 14:48:08.311036,24.25,65.27,673,True,OFF
2025-04-09 14:48:11.655739,39.14,71.38,401,False,OFF
2025-04-09 14:48:18.313981,33.83,89.82,625,False,OFF
2025-04-09 14:48:21.658875,39.17,79.44,651,False,OFF
2025-04-09 14:48:28.322257,32.36,62.67,547,False,OFF
2025-04-09 14:48:31.662418,23.25,83.29,262,True,OFF
2025-04-09 14:48:38.393832,35.17,52.09,633,True,OFF
2025-04-09 14:48:41.664213,37.36,41.09,498,False,OFF
2025-04-09 14:48:48.397345,25.02,61.6,593,True,OFF
2025-04-09 14:48:51.667696,36.09,42.41,592,False,OFF
2025-04-09 14:48:58.399769,20.23,54.62,477,True,OFF
2025-04-09 14:49:01.670340,20.19,80.14,339,False,ON
2025-04-09 14:49:08.401781,23.85,68.83,704,True,OFF
2025-04-09 14:49:11.672349,25.64,52.99,279,True,OFF
2025-04-09 14:49:18.403435,38.21,47.37,294,False,ON
2025-04-09 14:49:21.673785,29.28,68.17,282,False,ON
2025-04-09 14:49:28.408564,35.21,70.66,721,True,OFF
2025-04-09 14:49:31.676670,39.98,75.43,756,False,OFF
2025-04-09 14:49:38.410652,25.58,85.6,402,False,OFF
2025-04-09 14:49:41.678439,39.44,57.3,390,True,OFF
2025-04-09 14:49:48.413367,22.68,56.81,497,True,OFF
2025-04-09 14:49:51.680304,36.13,79.51,588,True,OFF
2025-04-09 14:49:58.414273,28.81,55.08,314,True,OFF
2025-04-09 14:50:01.681903,34.96,41.95,403,True,OFF
2025-04-09 14:50:08.422297,37.52,69.3,498,False,OFF
2025-04-09 14:50:11.682836,26.47,60.4,244,False,ON
2025-04-09 14:50:18.423486,25.65,83.24,395,True,OFF
2025-04-09 14:50:21.684411,21.03,53.13,657,False,OFF
2025-04-09 14:50:28.424993,20.6,60.53,604,True,OFF
2025-04-09 14:50:31.685856,26.07,66.41,331,True,OFF
2025-04-09 14:50:38.426227,36.58,53.81,692,True,OFF
2025-04-09 14:50:41.687091,35.73,52.44,505,False,OFF
2025-04-09 14:50:48.427612,33.44,89.44,229,False,ON
2025-04-09 14:50:51.688369,25.67,64.82,309,False,ON
2025-04-09 14:50:58.429600,24.1,78.22,621,True,OFF
2025-04-09 14:51:01.690044,39.64,78.03,393,True,OFF
2025-04-09 14:51:08.430590,26.67,77.49,645,False,OFF
2025-04-09 14:51:11.690972,36.72,56.24,281,True,OFF
2025-04-09 14:51:18.441927,37.72,54.75,426,False,OFF
2025-04-09 14:51:21.692207,26.44,76.66,462,True,OFF
2025-04-09 14:51:28.443784,20.0,60.15,628,True,OFF
2025-04-09 14:51:31.693374,23.29,70.67,689,False,OFF
2025-04-09 14:51:38.445226,30.4,82.19,537,True,OFF
2025-04-09 14:51:41.694785,21.37,65.13,276,False,ON
2025-04-09 14:51:48.448636,27.84,86.37,400,True,OFF
2025-04-09 14:51:51.696188,37.75,43.65,556,False,OFF
2025-04-09 14:51:58.449755,20.97,89.18,415,False,OFF
2025-04-09 14:52:01.697313,33.7,44.54,732,True,OFF
2025-04-09 14:52:08.450807,24.94,59.44,762,True,OFF
2025-04-09 14:52:11.698278,35.42,51.06,432,False,OFF
2025-04-09 14:52:18.451879,30.25,73.45,533,True,OFF
2025-04-09 14:52:21.699376,37.6,77.84,209,False,ON
2025-04-09 14:52:28.452987,36.03,69.3,392,True,OFF
2025-04-09 14:52:31.700380,26.17,86.98,716,False,OFF
2025-04-09 14:52:38.454691,32.18,69.28,480,False,OFF
2025-04-09 14:52:41.702190,30.49,58.99,746,False,OFF
2025-04-09 14:52:48.456542,28.8,78.38,494,True,OFF
2025-04-09 14:52:51.707268,28.49,74.43,650,False,OFF
2025-04-09 14:52:58.462805,37.94,57.01,300,False,ON
2025-04-09 14:53:01.709847,29.31,61.9,550,False,OFF
2025-04-09 14:53:08.467461,35.51,56.59,627,True,OFF
2025-04-09 14:53:11.714388,33.69,58.23,517,True,OFF
2025-04-09 14:53:18.476131,28.26,64.85,592,False,OFF
2025-04-09 14:53:21.721150,26.84,70.22,749,False,OFF
2025-04-09 14:53:28.477434,25.56,68.38,567,False,OFF
2025-04-09 14:53:31.724117,38.86,74.48,437,True,OFF
2025-04-09 14:53:38.480554,31.37,44.8,771,True,OFF
2025-04-09 14:53:41.726390,25.87,56.86,306,False,ON
2025-04-09 14:53:48.502169,36.19,45.56,778,False,OFF
2025-04-09 14:53:51.731102,22.1,68.91,240,True,OFF
2025-04-09 14:53:58.511690,27.94,62.8,483,True,OFF
2025-04-09 14:54:01.734327,36.96,43.02,443,True,OFF
2025-04-09 14:54:08.541365,24.56,47.65,679,True,OFF
2025-04-09 14:54:11.738409,35.34,87.17,261,True,OFF
2025-04-09 14:54:18.544282,28.21,42.07,597,False,OFF
2025-04-09 14:54:21.749292,27.59,49.43,276,True,OFF
2025-04-09 14:54:28.557190,21.07,89.71,786,False,OFF
2025-04-09 14:54:31.752710,33.04,43.23,666,False,OFF
2025-04-09 14:54:38.558850,34.19,88.1,270,False,ON
2025-04-09 14:54:41.755366,36.92,50.2,360,False,ON
2025-04-09 14:54:48.561312,25.92,60.34,600,False,OFF
2025-04-09 14:54:51.756887,38.68,46.31,403,True,OFF
2025-04-09 14:54:58.568360,26.23,70.73,717,False,OFF
2025-04-09 14:55:01.762036,29.66,58.72,288,False,ON
2025-04-09 14:55:08.571480,35.84,63.71,242,False,ON
2025-04-09 14:55:11.768908,21.94,55.25,507,True,OFF
2025-04-09 14:55:18.575011,27.35,67.35,776,False,OFF
2025-04-09 14:55:21.772956,27.58,81.55,732,True,OFF
2025-04-09 14:55:28.576958,37.19,88.38,775,True,OFF
2025-04-09 14:55:31.775534,33.21,87.23,218,True,OFF
2025-04-09 14:55:38.591236,29.82,45.12,450,True,OFF
2025-04-09 14:55:41.778933,37.78,89.99,607,True,OFF
2025-04-09 14:55:48.600483,36.16,67.89,598,False,OFF
2025-04-09 14:55:51.781912,37.93,80.0,680,True,OFF
2025-04-09 14:55:58.603888,39.62,80.06,761,True,OFF
2025-04-09 14:56:01.786246,26.21,58.92,356,False,ON
2025-04-09 15:02:14.233889,27.36,86.46,470,True,OFF
2025-04-09 15:02:14.236887,35.2,41.03,572,True,OFF
2025-04-09 15:02:24.240696,25.42,70.09,615,True,OFF
2025-04-09 15:02:24.263686,20.95,55.67,642,True,OFF
2025-04-09 15:02:34.244265,36.32,66.68,225,True,OFF
2025-04-09 15:02:34.273876,26.18,84.12,762,False,OFF
2025-04-09 15:02:44.245958,31.66,62.24,405,True,OFF
2025-04-09 15:02:44.275994,29.98,56.41,626,False,OFF
2025-04-09 15:02:54.250217,38.75,44.71,429,False,OFF
2025-04-09 15:02:54.278917,25.31,75.76,228,False,ON
2025-04-09 15:03:04.253876,32.33,63.07,394,True,OFF
2025-04-09 15:03:04.283348,23.67,69.55,586,False,OFF
2025-04-09 15:03:14.256998,20.51,57.73,521,False,OFF
2025-04-09 15:03:14.285386,30.93,85.35,570,True,OFF
2025-04-09 15:03:24.260555,39.24,53.16,626,True,OFF
2025-04-09 15:03:24.288123,32.92,64.72,331,True,OFF
2025-04-09 15:03:34.263075,29.95,66.6,677,False,OFF
2025-04-09 15:03:34.290476,35.93,70.05,458,True,OFF
2025-04-09 15:03:44.266470,23.95,71.44,306,True,OFF
2025-04-09 15:03:44.294167,28.24,41.23,594,True,OFF
2025-04-09 15:03:54.270743,36.63,65.93,433,True,OFF
2025-04-09 15:03:54.296788,21.18,77.23,598,False,OFF
2025-04-09 15:04:04.274810,27.13,60.98,784,True,OFF
2025-04-09 15:04:04.299918,25.96,57.21,657,True,OFF
2025-04-09 15:04:14.278398,21.75,73.45,374,False,ON
2025-04-09 15:04:14.301312,32.62,61.12,648,True,OFF
2025-04-09 15:04:24.281521,39.49,40.51,522,True,OFF
2025-04-09 15:04:24.307501,21.67,49.47,367,False,ON
2025-04-09 15:04:34.287495,30.33,74.3,781,False,OFF
2025-04-09 15:04:34.376921,35.07,63.23,618,True,OFF
2025-04-09 15:04:44.378236,25.76,44.92,253,False,ON
2025-04-09 15:04:44.383787,27.5,76.87,666,False,OFF
2025-04-09 15:04:54.382582,38.6,71.12,512,True,OFF
2025-04-09 15:04:54.408544,34.6,43.11,705,False,OFF
2025-04-09 15:05:04.388622,32.03,79.48,691,True,OFF
2025-04-09 15:05:04.416878,29.71,71.01,203,True,OFF
2025-04-09 15:05:14.390980,35.61,59.25,276,True,OFF
2025-04-09 15:05:14.420596,22.6,46.31,577,True,OFF
2025-04-09 15:05:24.396525,38.87,64.4,233,True,OFF
2025-04-09 15:05:24.423398,23.53,64.73,506,False,OFF
2025-04-09 15:05:34.399893,29.42,57.26,667,True,OFF
2025-04-09 15:05:34.430127,32.76,72.7,661,True,OFF
2025-04-09 15:05:44.403333,37.72,43.2,394,False,ON
2025-04-09 15:05:44.434746,20.84,75.3,213,True,OFF
2025-04-09 15:05:54.405061,23.5,55.33,392,True,OFF
2025-04-09 15:05:54.624815,37.16,45.12,310,False,ON
2025-04-09 15:06:04.410951,32.23,40.35,339,True,OFF
2025-04-09 15:06:04.632402,26.08,57.29,380,False,ON
2025-04-09 15:06:14.415604,24.61,41.41,567,False,OFF
2025-04-09 15:06:14.634847,23.11,60.27,480,True,OFF
2025-04-09 15:06:24.418335,34.37,68.14,799,True,OFF
2025-04-09 15:06:24.637587,22.65,41.73,795,True,OFF
2025-04-09 15:06:34.422270,23.13,72.66,261,False,ON
2025-04-09 15:06:34.640594,24.99,41.22,480,False,OFF
2025-04-09 15:06:44.426005,31.46,56.98,415,False,OFF
2025-04-09 15:06:44.644457,33.94,42.73,704,False,OFF
2025-04-09 15:06:54.428897,33.18,60.49,597,False,OFF
2025-04-09 15:06:54.645871,34.21,56.19,602,True,OFF
2025-04-09 15:07:04.431572,24.03,48.53,212,False,ON
2025-04-09 15:07:04.649336,27.88,41.65,354,False,ON
2025-04-09 15:07:14.436258,23.81,71.91,637,True,OFF
2025-04-09 15:07:14.652142,24.95,46.35,224,False,ON
2025-04-09 15:07:24.441153,36.7,59.51,573,True,OFF
2025-04-09 15:07:24.655385,34.42,81.41,419,False,OFF
2025-04-09 15:07:34.444268,30.97,71.61,431,False,OFF
2025-04-09 15:07:34.657378,33.92,42.32,270,False,ON
2025-04-09 15:07:44.446222,39.53,65.52,574,True,OFF
2025-04-09 15:07:44.659094,29.02,53.71,287,True,OFF
2025-04-09 15:07:54.448587,38.76,44.28,636,True,OFF
2025-04-09 15:07:54.662185,36.16,85.26,687,True,OFF
2025-04-09 15:08:04.451690,21.83,41.86,227,False,ON
2025-04-09 15:08:04.665637,38.5,81.06,451,True,OFF
2025-04-09 15:08:14.455229,29.81,66.69,667,True,OFF
2025-04-09 15:08:14.669928,27.33,89.2,791,True,OFF
2025-04-09 15:08:24.457761,20.57,68.1,374,False,ON
2025-04-09 15:08:24.673388,21.48,74.97,519,True,OFF
2025-04-09 15:08:34.461428,35.89,76.93,716,False,OFF
2025-04-09 15:08:34.677168,36.43,40.06,465,False,OFF
2025-04-09 15:08:44.462913,33.3,68.91,425,False,OFF
2025-04-09 15:08:44.680865,24.52,43.53,387,True,OFF
2025-04-09 15:08:54.466284,22.43,52.69,548,False,OFF
2025-04-09 15:08:54.683654,33.7,82.96,648,False,OFF
2025-04-09 15:09:04.471054,25.3,69.82,304,True,OFF
2025-04-09 15:09:04.686503,32.72,87.01,524,False,OFF
2025-04-09 15:09:14.475206,26.31,44.36,748,True,OFF
2025-04-09 15:09:14.689038,21.69,60.81,449,True,OFF
2025-04-09 15:09:24.479084,35.53,66.02,404,False,OFF
2025-04-09 15:09:24.694379,38.78,63.14,432,True,OFF
2025-04-09 15:09:34.484608,23.1,66.67,335,False,ON
2025-04-09 15:09:34.698435,27.06,87.53,630,False,OFF
2025-04-09 15:09:44.487063,34.47,40.06,684,True,OFF
2025-04-09 15:09:44.702782,39.15,47.6,445,False,OFF
2025-04-09 15:09:54.494967,32.24,72.54,651,False,OFF
2025-04-09 15:09:54.706377,36.67,61.28,766,True,OFF
2025-04-09 15:10:04.500461,38.87,49.15,283,True,OFF
2025-04-09 15:10:04.715640,34.91,68.71,695,False,OFF
2025-04-09 15:10:14.502937,32.23,69.87,216,False,ON
2025-04-09 15:10:14.716852,28.69,85.36,715,True,OFF
2025-04-09 15:10:24.506644,38.32,50.01,275,False,ON
2025-04-09 15:10:24.719839,30.63,75.57,521,False,OFF
2025-04-09 15:10:34.509225,31.06,79.53,695,True,OFF
2025-04-09 15:10:34.723056,35.91,43.83,622,False,OFF
2025-04-09 15:10:44.512263,27.71,85.64,246,False,ON
2025-04-09 15:10:44.725224,39.5,57.95,601,True,OFF
2025-04-09 15:10:54.515042,30.33,40.11,347,True,OFF
2025-04-09 15:10:54.728291,20.88,52.8,742,False,OFF
2025-04-09 15:11:04.520454,35.82,40.65,371,True,OFF
2025-04-09 15:11:04.730389,24.56,58.22,775,True,OFF
2025-04-09 15:11:14.525161,22.43,53.26,207,False,ON
2025-04-09 15:11:14.733134,38.24,43.42,602,True,OFF
2025-04-09 15:11:24.534050,20.76,66.51,411,True,OFF
2025-04-09 15:11:24.734184,35.79,87.81,627,False,OFF
2025-04-09 15:11:34.536984,21.77,82.98,754,False,OFF
2025-04-09 15:11:34.737230,39.04,64.85,704,False,OFF
2025-04-09 15:11:44.539280,22.23,55.07,217,False,ON
2025-04-09 15:11:44.740841,34.26,49.95,207,True,OFF
2025-04-09 15:11:54.542333,24.88,53.34,204,False,ON
2025-04-09 15:11:54.743954,28.12,70.35,620,True,OFF
2025-04-09 15:12:04.546300,38.93,72.91,258,True,OFF
2025-04-09 15:12:04.746624,21.51,64.44,738,False,OFF
2025-04-09 15:12:14.549454,27.11,43.65,466,False,OFF
2025-04-09 15:12:14.748933,23.05,43.91,721,False,OFF
2025-04-09 15:12:24.552993,30.11,64.99,640,False,OFF
2025-04-09 15:12:24.752989,31.12,87.34,640,False,OFF
2025-04-09 15:12:34.557390,27.85,85.5,323,True,OFF
2025-04-09 15:12:34.755230,28.79,44.57,286,False,ON
2025-04-09 15:12:44.559286,24.52,63.95,649,True,OFF
2025-04-09 15:12:44.759702,34.61,64.13,595,True,OFF
2025-04-09 15:12:54.561602,38.86,40.89,243,False,ON
2025-04-09 15:12:54.763352,36.03,42.61,269,False,ON
2025-04-09 15:13:04.564963,39.92,68.88,711,True,OFF
2025-04-09 15:13:04.771880,28.93,57.54,223,False,ON
2025-04-09 15:13:14.568655,30.29,70.14,349,False,ON
2025-04-09 15:13:14.778520,24.34,81.97,733,True,OFF
2025-04-09 15:13:24.574112,28.36,56.43,354,False,ON
2025-04-09 15:13:24.781868,22.93,86.14,395,True,OFF
2025-04-09 15:13:34.576603,35.98,67.76,683,True,OFF
2025-04-09 15:13:34.783814,20.74,66.67,366,False,ON
2025-04-09 15:13:44.580026,36.57,65.33,537,True,OFF
2025-04-09 15:13:44.787355,23.31,52.12,549,True,OFF
2025-04-09 15:13:54.583637,25.63,56.3,307,True,OFF
2025-04-09 15:13:54.790032,21.32,61.09,391,False,ON
2025-04-09 15:14:04.587281,36.55,73.08,510,False,OFF
2025-04-09 15:14:04.793318,34.29,74.54,745,False,OFF
2025-04-09 15:14:14.590963,26.25,63.98,530,True,OFF
2025-04-09 15:14:14.796867,28.94,57.36,572,True,OFF
2025-04-09 15:14:24.596709,28.86,84.47,203,False,ON
2025-04-09 15:14:24.799753,39.03,70.23,571,False,OFF
2025-04-09 15:14:34.599855,28.54,63.72,231,True,OFF
2025-04-09 15:14:34.802636,30.22,83.85,679,False,OFF
2025-04-09 15:14:44.604978,37.06,50.63,535,True,OFF
2025-04-09 15:14:44.832133,31.22,79.7,461,False,OFF
2025-04-09 15:14:54.609170,27.66,49.66,290,True,OFF
2025-04-09 15:14:54.834320,31.55,88.63,716,True,OFF
2025-04-09 15:15:04.611964,26.91,89.91,564,False,OFF
2025-04-09 15:15:04.837112,31.61,46.91,387,True,OFF
2025-04-09 15:15:14.615679,36.4,44.32,679,False,OFF
2025-04-09 15:15:14.839959,20.29,60.11,377,False,ON
2025-04-09 15:15:24.618998,33.25,79.23,541,True,OFF
2025-04-09 15:15:24.843614,32.1,46.61,591,False,OFF
2025-04-09 15:15:34.621506,36.24,74.2,359,False,ON
2025-04-09 15:15:34.846459,25.53,48.75,558,True,OFF
2025-04-09 15:15:44.625746,36.32,46.14,723,False,OFF
2025-04-09 15:15:44.849801,29.62,79.72,405,True,OFF
2025-04-09 15:15:54.629213,36.06,71.34,733,False,OFF
2025-04-09 15:15:54.851904,37.97,89.61,499,True,OFF
2025-04-09 15:16:04.632692,25.97,42.55,657,False,OFF
2025-04-09 15:16:04.855309,31.43,46.56,478,False,OFF
2025-04-09 15:16:14.634112,31.23,52.4,336,False,ON
2025-04-09 15:16:14.859260,22.91,50.38,599,True,OFF
2025-04-09 15:16:24.636842,27.76,41.75,684,False,OFF
2025-04-09 15:16:24.862571,32.7,58.22,466,True,OFF
2025-04-09 15:16:34.639615,24.62,57.29,384,False,ON
2025-04-09 15:16:34.864685,27.16,42.7,322,False,ON
2025-04-09 15:16:44.642901,36.56,40.32,278,True,OFF
2025-04-09 15:16:44.866993,31.26,50.9,559,True,OFF
2025-04-09 15:16:54.648459,23.94,88.86,499,True,OFF
2025-04-09 15:16:54.868820,28.62,86.36,556,True,OFF
2025-04-09 15:17:04.652083,37.39,56.07,356,False,ON
2025-04-09 15:17:04.871961,28.71,65.53,400,False,OFF
2025-04-09 15:17:14.654892,36.59,78.04,442,True,OFF
2025-04-09 15:17:14.874170,20.03,68.86,661,True,OFF
2025-04-09 15:17:24.657301,30.44,53.54,647,True,OFF
2025-04-09 15:17:24.876131,38.37,64.34,310,False,ON
2025-04-09 15:17:34.660143,39.06,65.78,352,False,ON
2025-04-09 15:17:34.879244,20.94,89.61,352,True,OFF
2025-04-09 15:17:44.663557,36.95,77.46,551,True,OFF
2025-04-09 15:17:44.881531,24.45,77.57,453,True,OFF
2025-04-09 15:17:54.667250,28.18,75.35,584,False,OFF
2025-04-09 15:17:54.883646,25.54,60.08,229,True,OFF
2025-04-09 15:18:04.670429,22.8,71.36,449,True,OFF
2025-04-09 15:18:04.886747,31.23,44.29,585,False,OFF
2025-04-09 15:18:14.674062,22.11,59.07,593,False,OFF
2025-04-09 15:18:14.889494,20.59,64.12,328,False,ON
2025-04-09 15:18:24.676564,36.63,87.93,392,True,OFF
2025-04-09 15:18:24.894400,24.79,45.35,530,False,OFF
2025-04-09 15:18:34.679366,33.02,74.35,208,True,OFF
2025-04-09 15:18:34.897192,31.04,51.38,414,True,OFF
2025-04-09 15:18:44.684295,32.64,66.63,425,True,OFF
2025-04-09 15:18:44.899778,27.23,80.37,766,False,OFF
2025-04-09 15:18:54.687988,35.45,64.62,447,False,OFF
2025-04-09 15:18:54.902058,28.87,48.23,585,True,OFF
2025-04-09 15:19:04.692784,31.36,60.99,488,False,OFF
2025-04-09 15:19:04.904978,39.1,53.85,599,False,OFF
2025-04-09 15:19:14.696019,34.02,57.73,443,False,OFF
2025-04-09 15:19:14.908054,31.31,51.58,564,True,OFF
2025-04-09 15:19:24.697404,34.32,84.5,335,True,OFF
2025-04-09 15:19:24.911617,31.14,84.87,501,False,OFF
2025-04-09 15:19:34.700806,25.78,44.92,399,True,OFF
2025-04-09 15:19:34.914553,38.17,70.3,244,True,OFF
2025-04-09 15:19:44.704363,29.16,84.59,391,False,ON
2025-04-09 15:19:44.917771,31.5,41.7,717,True,OFF
2025-04-09 15:19:54.709393,35.9,67.08,388,True,OFF
2025-04-09 15:19:54.919196,22.57,76.13,348,True,OFF
2025-04-09 15:20:04.714435,20.53,70.48,258,False,ON
2025-04-09 15:20:04.922327,26.97,63.46,259,False,ON
2025-04-09 15:20:14.716346,35.21,84.76,298,True,OFF
2025-04-09 15:20:14.925801,30.61,49.49,437,True,OFF
2025-04-09 15:20:24.719518,27.12,42.78,554,False,OFF
2025-04-09 15:20:24.928736,36.76,79.95,240,False,ON
2025-04-09 15:20:34.721171,29.0,78.9,262,True,OFF
2025-04-09 15:20:34.932677,24.98,56.45,321,False,ON
2025-04-09 15:20:44.723464,36.56,63.27,285,True,OFF
2025-04-09 15:20:44.934973,26.4,59.4,458,False,OFF
2025-04-09 15:20:54.727318,24.22,41.04,492,True,OFF
2025-04-09 15:20:54.937817,25.78,64.56,248,False,ON
2025-04-09 15:21:04.730053,35.8,59.74,458,True,OFF
2025-04-09 15:21:04.941627,38.77,51.19,227,False,ON
2025-04-09 15:21:14.733291,22.33,68.48,554,False,OFF
2025-04-09 15:21:14.950569,33.0,50.52,528,False,OFF
2025-04-09 15:21:24.736766,24.37,87.63,638,True,OFF
2025-04-09 15:21:24.953783,30.8,61.68,400,True,OFF
2025-04-09 15:21:34.740692,35.34,40.77,676,False,OFF
2025-04-09 15:21:34.958679,36.87,83.92,754,False,OFF
2025-04-09 15:21:44.743686,23.87,49.23,480,False,OFF
2025-04-09 15:21:44.960297,32.48,46.59,710,False,OFF
2025-04-09 15:21:54.746876,39.17,87.85,720,False,OFF
2025-04-09 15:21:54.963343,21.06,55.46,221,True,OFF
2025-04-09 15:22:04.748205,35.26,89.33,685,False,OFF
2025-04-09 15:22:04.966244,21.33,84.7,651,True,OFF
2025-04-09 15:22:14.751260,30.85,71.84,733,False,OFF
2025-04-09 15:22:14.967972,23.61,74.48,563,False,OFF
2025-04-09 15:22:24.753851,23.07,74.36,331,False,ON
2025-04-09 15:22:24.970340,35.29,56.57,251,True,OFF
2025-04-09 15:22:34.757239,37.64,82.59,627,False,OFF
2025-04-09 15:22:34.971893,36.98,70.53,666,False,OFF
2025-04-09 15:22:44.760852,30.36,72.11,213,True,OFF
2025-04-09 15:22:44.974888,35.21,81.69,204,False,ON
2025-04-09 15:22:54.763541,25.83,72.5,584,False,OFF
2025-04-09 15:22:54.977175,23.73,44.26,398,False,ON
2025-04-09 15:23:04.766060,20.44,54.7,627,False,OFF
2025-04-09 15:23:04.979643,23.06,49.81,274,False,ON
2025-04-09 15:23:14.769901,21.55,56.83,276,False,ON
2025-04-09 15:23:14.988613,23.83,45.63,429,False,OFF
2025-04-09 15:23:24.778885,26.35,47.45,322,False,ON
2025-04-09 15:23:24.991477,29.8,49.06,617,False,OFF
2025-04-09 15:23:34.781877,32.18,66.11,566,True,OFF
2025-04-09 15:23:34.994103,34.24,52.19,265,True,OFF
2025-04-09 15:23:44.790118,31.53,60.27,281,False,ON
2025-04-09 15:23:44.996735,21.01,59.92,796,True,OFF
2025-04-09 15:23:54.797089,25.27,76.21,605,True,OFF
2025-04-09 15:23:55.010602,30.53,84.16,312,True,OFF
2025-04-09 15:24:04.800866,24.64,86.2,665,True,OFF
2025-04-09 15:24:05.013447,38.93,41.74,672,True,OFF
2025-04-09 15:24:14.804024,33.36,70.86,751,False,OFF
2025-04-09 15:24:15.015489,28.69,41.73,486,False,OFF
2025-04-09 15:24:24.808629,37.39,81.54,397,True,OFF
2025-04-09 15:24:25.017391,37.18,79.8,325,False,ON
2025-04-09 15:24:34.811497,31.41,44.46,408,False,OFF
2025-04-09 15:24:35.020604,32.17,72.13,648,True,OFF
2025-04-09 15:24:44.813887,36.13,59.31,396,False,ON
2025-04-09 15:24:45.024821,26.78,46.79,381,False,ON
2025-04-09 15:24:54.824686,34.0,40.7,728,True,OFF
2025-04-09 15:24:55.028981,35.25,89.94,317,False,ON
2025-04-09 15:25:04.827534,27.96,68.44,257,True,OFF
2025-04-09 15:25:05.033517,33.91,49.94,425,True,OFF
2025-04-09 15:25:14.837975,28.38,40.58,244,False,ON
2025-04-09 15:25:15.036467,25.75,55.2,488,False,OFF
2025-04-09 15:25:24.843067,35.17,40.81,300,True,OFF
2025-04-09 15:25:25.040052,39.85,73.34,352,False,ON
2025-04-09 15:25:34.847142,23.76,44.14,755,True,OFF
2025-04-09 15:25:35.043670,22.18,58.04,425,True,OFF
2025-04-09 15:25:44.850677,31.95,63.57,215,True,OFF
2025-04-09 15:25:45.047103,24.12,60.0,570,False,OFF
2025-04-09 15:25:54.854299,34.57,63.66,538,False,OFF
2025-04-09 15:25:55.050307,27.22,82.03,499,True,OFF
2025-04-09 15:26:04.859369,21.62,57.72,667,False,OFF
2025-04-09 15:26:05.052219,33.28,44.73,482,True,OFF
2025-04-09 15:26:14.863749,31.25,73.65,346,False,ON
2025-04-09 15:26:15.055534,38.32,83.03,380,True,OFF
2025-04-09 15:26:24.866774,20.6,41.68,264,True,OFF
2025-04-09 15:26:25.059720,27.71,58.93,623,True,OFF
2025-04-09 15:26:34.869721,32.66,40.78,549,True,OFF
2025-04-09 15:26:35.130124,30.05,61.83,643,False,OFF
2025-04-09 15:26:44.873313,27.65,61.49,386,True,OFF
2025-04-09 15:26:45.137992,26.27,74.87,441,True,OFF
2025-04-09 15:26:54.876920,38.22,55.5,644,False,OFF
2025-04-09 15:26:55.140366,34.85,87.16,729,False,OFF
2025-04-09 15:27:04.879243,35.93,85.98,779,False,OFF
2025-04-09 15:27:05.142596,22.69,77.15,486,True,OFF
2025-04-09 15:27:14.898439,26.25,75.22,540,True,OFF
2025-04-09 15:27:15.147198,39.21,56.9,689,False,OFF
2025-04-09 15:27:24.902610,38.72,72.18,627,True,OFF
2025-04-09 15:27:25.151298,30.02,79.11,587,False,OFF
2025-04-09 15:27:34.907427,37.34,77.24,270,True,OFF
2025-04-09 15:27:35.153437,25.75,87.03,486,True,OFF
2025-04-09 15:27:44.909779,38.33,88.34,394,False,ON
2025-04-09 15:27:45.156504,28.26,83.63,601,False,OFF
2025-04-09 15:27:54.913110,33.23,60.62,316,True,OFF
2025-04-09 15:27:55.159267,25.99,78.36,316,False,ON
2025-04-09 15:28:04.916639,20.45,80.03,216,False,ON
2025-04-09 15:28:05.161419,25.04,71.02,680,False,OFF
2025-04-09 15:28:14.919968,34.59,52.0,786,False,OFF
2025-04-09 15:28:15.164115,32.98,59.69,753,True,OFF
2025-04-09 15:28:24.924058,28.81,61.73,754,True,OFF
2025-04-09 15:28:25.166970,21.27,50.61,729,True,OFF
2025-04-09 15:28:34.940496,20.85,86.88,659,False,OFF
2025-04-09 15:28:35.169874,24.69,68.04,435,True,OFF
2025-04-09 15:28:44.956875,38.61,73.62,780,True,OFF
2025-04-09 15:28:45.172878,27.56,44.65,549,False,OFF
2025-04-09 15:28:54.965577,37.2,82.67,732,False,OFF
2025-04-09 15:28:55.174997,20.42,62.18,429,False,OFF
2025-04-09 15:29:04.969115,35.01,77.24,297,False,ON
2025-04-09 15:29:05.177856,35.16,53.67,429,True,OFF
2025-04-09 15:29:14.971256,24.87,67.2,704,True,OFF
2025-04-09 15:29:15.181424,39.69,54.27,271,False,ON
2025-04-09 15:29:24.975311,23.87,42.92,491,False,OFF
2025-04-09 15:29:25.183676,23.32,43.48,308,False,ON
2025-04-09 15:29:34.981581,39.69,81.22,253,False,ON
2025-04-09 15:29:35.186080,27.55,51.21,617,True,OFF
2025-04-09 15:29:44.985426,26.54,74.06,641,False,OFF
2025-04-09 15:29:45.188808,38.65,60.74,642,True,OFF
2025-04-09 15:29:54.988614,23.11,50.39,210,True,OFF
2025-04-09 15:29:55.194624,20.78,45.82,447,False,OFF
2025-04-09 15:30:04.991655,36.92,54.58,702,False,OFF
2025-04-09 15:30:05.197274,39.99,56.88,544,True,OFF
