Timestamp,Location,Vehicle Count,Avg Speed,Density
2025-04-09 14:32:56.541729,Jaydev Vihar,16,48,9.19
2025-04-09 14:32:56.543060,Rupali Square,45,59,23.15
2025-04-09 14:32:56.548414,CRP Square,114,24,141.38
2025-04-09 14:33:06.549488,Jaydev Vihar,60,72,35.19
2025-04-09 14:33:06.551916,Rupali Square,144,53,109.44
2025-04-09 14:33:06.552936,CRP Square,62,45,122.09
2025-04-09 14:33:16.556591,Jaydev Vihar,29,29,43.49
2025-04-09 14:33:16.559610,Rupali Square,70,78,46.01
2025-04-09 14:33:16.562909,CRP Square,73,44,83.87
2025-04-09 14:33:26.565136,Jaydev Vihar,149,24,155.02
2025-04-09 14:33:26.567603,Rupali Square,13,77,11.68
2025-04-09 14:33:26.574271,CRP Square,10,29,5.72
2025-04-09 14:33:36.579211,Jaydev Vihar,28,43,25.74
2025-04-09 14:33:36.581225,Rupali Square,130,69,123.01
2025-04-09 14:33:36.582229,CRP Square,24,51,15.74
2025-04-09 14:33:46.584660,Jaydev Vihar,109,48,63.02
2025-04-09 14:33:46.590681,Rupali Square,29,74,38.09
2025-04-09 14:33:46.593222,CRP Square,109,77,56.6
2025-04-09 14:33:56.595324,Jaydev Vihar,92,32,65.04
2025-04-09 14:33:56.598536,Rupali Square,27,79,28.33
2025-04-09 14:33:56.600555,CRP Square,36,63,46.01
2025-04-09 14:34:06.602951,Jaydev Vihar,99,60,93.27
2025-04-09 14:34:06.606405,Rupali Square,123,37,195.92
2025-04-09 14:34:06.608402,CRP Square,126,40,89.58
2025-04-09 14:34:16.611968,Jaydev Vihar,103,39,62.71
2025-04-09 14:34:16.616922,Rupali Square,105,53,76.04
2025-04-09 14:34:16.620748,CRP Square,59,58,38.62
2025-04-09 14:34:26.624373,Jaydev Vihar,137,25,205.72
2025-04-09 14:34:26.627377,Rupali Square,89,33,58.5
2025-04-09 14:34:26.629383,CRP Square,60,57,37.49
2025-04-09 14:34:36.632342,Jaydev Vihar,110,29,163.81
2025-04-09 14:34:36.635397,Rupali Square,77,32,43.4
2025-04-09 14:34:36.638394,CRP Square,135,32,109.65
2025-04-09 14:34:46.641250,Jaydev Vihar,126,70,87.37
2025-04-09 14:34:46.645673,Rupali Square,71,58,56.16
2025-04-09 14:34:46.647206,CRP Square,144,24,121.85
2025-04-09 14:34:56.650594,Jaydev Vihar,144,37,78.59
2025-04-09 14:34:56.652624,Rupali Square,76,23,53.77
2025-04-09 14:34:56.653626,CRP Square,72,58,80.22
2025-04-09 14:35:06.656134,Jaydev Vihar,121,74,96.93
2025-04-09 14:35:06.660182,Rupali Square,87,35,101.48
2025-04-09 14:35:06.663217,CRP Square,34,76,50.41
2025-04-09 14:35:16.665518,Jaydev Vihar,27,32,17.96
2025-04-09 14:35:16.667560,Rupali Square,10,21,11.14
2025-04-09 14:35:16.669555,CRP Square,63,50,32.8
2025-04-09 14:35:26.671655,Jaydev Vihar,35,73,18.92
2025-04-09 14:35:26.675683,Rupali Square,68,34,127.9
2025-04-09 14:35:26.677678,CRP Square,120,25,84.56
2025-04-09 14:35:36.679794,Jaydev Vihar,50,70,55.16
2025-04-09 14:35:36.680995,Rupali Square,30,29,19.98
2025-04-09 14:35:36.683249,CRP Square,115,41,165.04
2025-04-09 14:35:46.685386,Jaydev Vihar,13,52,9.72
2025-04-09 14:35:46.687409,Rupali Square,134,80,83.89
2025-04-09 14:35:46.688413,CRP Square,58,59,35.26
2025-04-09 14:35:56.691076,Jaydev Vihar,40,30,24.13
2025-04-09 14:35:56.697348,Rupali Square,72,38,81.39
2025-04-09 14:35:56.699366,CRP Square,110,49,101.3
2025-04-09 14:36:06.701426,Jaydev Vihar,27,71,32.17
2025-04-09 14:36:06.704405,Rupali Square,99,68,59.84
2025-04-09 14:36:06.706403,CRP Square,57,73,32.86
2025-04-09 14:36:16.709058,Jaydev Vihar,142,79,101.17
2025-04-09 14:36:16.710076,Rupali Square,14,27,19.11
2025-04-09 14:36:16.711373,CRP Square,110,30,83.24
2025-04-09 14:36:26.712789,Jaydev Vihar,48,71,91.94
2025-04-09 14:36:26.714815,Rupali Square,58,46,65.18
2025-04-09 14:36:26.715826,CRP Square,67,39,37.0
2025-04-09 14:36:36.718294,Jaydev Vihar,68,69,49.34
2025-04-09 14:36:36.721776,Rupali Square,59,31,47.78
2025-04-09 14:36:36.723613,CRP Square,82,60,51.73
2025-04-09 14:36:46.726897,Jaydev Vihar,53,51,74.98
2025-04-09 14:36:46.733009,Rupali Square,104,32,55.97
2025-04-09 14:36:46.734913,CRP Square,126,72,155.94
2025-04-09 14:36:56.737001,Jaydev Vihar,18,69,19.24
2025-04-09 14:36:56.740060,Rupali Square,25,59,30.58
2025-04-09 14:36:56.742054,CRP Square,18,29,33.88
2025-04-09 14:37:06.744948,Jaydev Vihar,26,56,13.86
2025-04-09 14:37:06.746241,Rupali Square,124,53,88.63
2025-04-09 14:37:06.748258,CRP Square,82,68,100.01
2025-04-09 14:37:16.750197,Jaydev Vihar,104,62,95.42
2025-04-09 14:37:16.751728,Rupali Square,128,26,98.5
2025-04-09 14:37:16.754110,CRP Square,145,79,73.01
2025-04-09 14:37:26.755970,Jaydev Vihar,94,44,131.69
2025-04-09 14:37:26.758005,Rupali Square,28,59,15.93
2025-04-09 14:37:26.760005,CRP Square,145,52,136.21
2025-04-09 14:37:36.761671,Jaydev Vihar,147,62,121.43
2025-04-09 14:37:36.763972,Rupali Square,134,22,68.85
2025-04-09 14:37:36.765006,CRP Square,45,80,48.04
2025-04-09 14:37:46.767175,Jaydev Vihar,134,21,149.87
2025-04-09 14:37:46.771324,Rupali Square,79,76,44.2
2025-04-09 14:37:46.772316,CRP Square,112,24,75.32
2025-04-09 14:37:56.775239,Jaydev Vihar,78,29,71.92
2025-04-09 14:37:56.776278,Rupali Square,99,34,133.0
2025-04-09 14:37:56.778187,CRP Square,56,25,46.18
2025-04-09 14:38:06.780651,Jaydev Vihar,143,28,193.23
2025-04-09 14:38:06.784703,Rupali Square,138,65,172.17
2025-04-09 14:38:06.791097,CRP Square,61,34,85.88
2025-04-09 14:38:16.795653,Jaydev Vihar,124,67,69.0
2025-04-09 14:38:16.798670,Rupali Square,37,40,30.37
2025-04-09 14:38:16.800199,CRP Square,117,63,72.58
2025-04-09 14:38:26.801992,Jaydev Vihar,88,37,48.19
2025-04-09 14:38:26.805312,Rupali Square,103,61,170.91
2025-04-09 14:38:26.806864,CRP Square,40,43,32.85
2025-04-09 14:38:36.809912,Jaydev Vihar,28,65,25.91
2025-04-09 14:38:36.811953,Rupali Square,86,25,104.95
2025-04-09 14:38:36.812953,CRP Square,104,65,63.38
2025-04-09 14:38:46.816876,Jaydev Vihar,114,51,147.49
2025-04-09 14:38:46.821422,Rupali Square,135,61,109.58
2025-04-09 14:38:46.822445,CRP Square,51,23,31.23
2025-04-09 14:38:56.826753,Jaydev Vihar,70,47,125.6
2025-04-09 14:38:56.828731,Rupali Square,69,79,71.66
2025-04-09 14:38:56.829735,CRP Square,113,63,124.24
2025-04-09 14:39:06.832236,Jaydev Vihar,79,41,84.39
2025-04-09 14:39:06.834556,Rupali Square,37,70,31.62
2025-04-09 14:39:06.835070,CRP Square,13,29,7.85
2025-04-09 14:39:16.837952,Jaydev Vihar,143,37,140.96
2025-04-09 14:39:16.841006,Rupali Square,88,42,86.17
2025-04-09 14:39:16.842033,CRP Square,65,64,57.02
2025-04-09 14:39:26.844615,Jaydev Vihar,136,67,221.99
2025-04-09 14:39:26.845954,Rupali Square,119,69,103.42
2025-04-09 14:39:26.846955,CRP Square,107,42,130.86
2025-04-09 14:39:36.848859,Jaydev Vihar,100,78,162.29
2025-04-09 14:39:36.852893,Rupali Square,117,65,60.97
2025-04-09 14:39:36.854885,CRP Square,148,43,227.98
2025-04-09 14:39:46.857566,Jaydev Vihar,62,47,61.44
2025-04-09 14:39:46.859587,Rupali Square,64,36,83.08
2025-04-09 14:39:46.860594,CRP Square,101,80,127.53
2025-04-09 14:39:56.862471,Jaydev Vihar,123,39,69.53
2025-04-09 14:39:56.864507,Rupali Square,69,21,36.99
2025-04-09 14:39:56.865508,CRP Square,43,36,51.66
2025-04-09 14:40:06.869400,Jaydev Vihar,54,37,40.1
2025-04-09 14:40:06.871438,Rupali Square,73,39,60.71
2025-04-09 14:40:06.873345,CRP Square,127,36,115.94
2025-04-09 14:40:16.875725,Jaydev Vihar,63,54,66.07
2025-04-09 14:40:16.878271,Rupali Square,125,32,68.66
2025-04-09 14:40:16.882262,CRP Square,115,38,80.1
2025-04-09 14:40:26.884954,Jaydev Vihar,60,70,42.68
2025-04-09 14:40:26.888312,Rupali Square,74,79,44.31
2025-04-09 14:40:26.889329,CRP Square,122,58,126.02
2025-04-09 14:40:36.891899,Jaydev Vihar,144,48,223.19
2025-04-09 14:40:36.893929,Rupali Square,83,72,56.96
2025-04-09 14:40:36.895927,CRP Square,142,58,121.65
2025-04-09 14:40:46.897909,Jaydev Vihar,77,28,106.97
2025-04-09 14:40:46.900346,Rupali Square,140,24,186.68
2025-04-09 14:40:46.902362,CRP Square,31,74,17.01
2025-04-09 14:40:56.904405,Jaydev Vihar,98,38,131.94
2025-04-09 14:40:56.908434,Rupali Square,92,27,66.21
2025-04-09 14:40:56.910431,CRP Square,88,62,72.84
2025-04-09 14:41:06.913653,Jaydev Vihar,84,71,44.26
2025-04-09 14:41:06.915676,Rupali Square,93,27,49.65
2025-04-09 14:41:06.916672,CRP Square,105,64,98.04
2025-04-09 14:41:16.918791,Jaydev Vihar,16,66,20.7
2025-04-09 14:41:16.919806,Rupali Square,41,67,78.75
2025-04-09 14:41:16.921265,CRP Square,31,50,29.74
2025-04-09 14:41:26.923507,Jaydev Vihar,50,56,53.85
2025-04-09 14:41:26.926548,Rupali Square,72,25,43.2
2025-04-09 14:41:26.927558,CRP Square,125,79,81.75
2025-04-09 14:41:36.929838,Jaydev Vihar,42,63,74.9
2025-04-09 14:41:36.932135,Rupali Square,92,50,48.35
2025-04-09 14:41:36.934550,CRP Square,60,56,33.01
2025-04-09 14:41:46.937369,Jaydev Vihar,64,22,56.26
2025-04-09 14:41:46.939347,Rupali Square,58,38,29.74
2025-04-09 14:41:46.940347,CRP Square,150,38,120.22
2025-04-09 14:41:56.943347,Jaydev Vihar,143,65,139.19
2025-04-09 14:41:56.946329,Rupali Square,60,27,30.33
2025-04-09 14:41:56.948355,CRP Square,105,50,100.11
2025-04-09 14:42:06.951631,Jaydev Vihar,95,51,60.16
2025-04-09 14:42:06.955863,Rupali Square,31,42,17.37
2025-04-09 14:42:06.957539,CRP Square,36,36,24.68
2025-04-09 14:42:16.960013,Jaydev Vihar,106,20,87.64
2025-04-09 14:42:16.962051,Rupali Square,121,80,112.59
2025-04-09 14:42:16.963048,CRP Square,139,26,74.33
2025-04-09 14:42:26.965402,Jaydev Vihar,48,44,50.92
2025-04-09 14:42:26.967422,Rupali Square,45,65,36.77
2025-04-09 14:42:26.969419,CRP Square,102,73,104.25
2025-04-09 14:42:36.971418,Jaydev Vihar,61,77,41.2
2025-04-09 14:42:36.974755,Rupali Square,38,41,52.01
2025-04-09 14:42:36.975784,CRP Square,96,50,177.88
2025-04-09 14:42:46.978561,Jaydev Vihar,68,42,37.81
2025-04-09 14:42:46.980584,Rupali Square,39,58,29.18
2025-04-09 14:42:46.982580,CRP Square,70,74,79.82
2025-04-09 14:42:56.984355,Jaydev Vihar,31,48,16.66
2025-04-09 14:42:56.986377,Rupali Square,86,62,115.52
2025-04-09 14:42:56.987377,CRP Square,96,70,97.16
2025-04-09 14:43:06.989968,Jaydev Vihar,89,61,66.02
2025-04-09 14:43:06.992999,Rupali Square,72,41,136.92
2025-04-09 14:43:06.994998,CRP Square,117,28,63.85
2025-04-09 14:43:16.999087,Jaydev Vihar,28,25,30.21
2025-04-09 14:43:17.003748,Rupali Square,14,29,15.68
2025-04-09 14:43:17.007277,CRP Square,106,45,57.01
2025-04-09 14:43:27.010241,Jaydev Vihar,125,60,92.52
2025-04-09 14:43:27.012721,Rupali Square,85,79,58.03
2025-04-09 14:43:27.018906,CRP Square,149,72,91.68
2025-04-09 14:43:37.022698,Jaydev Vihar,24,31,13.19
2025-04-09 14:43:37.024715,Rupali Square,17,47,8.53
2025-04-09 14:43:37.026715,CRP Square,147,46,92.44
2025-04-09 14:43:47.028391,Jaydev Vihar,144,71,188.61
2025-04-09 14:43:47.030905,Rupali Square,109,57,178.39
2025-04-09 14:43:47.032438,CRP Square,17,54,8.94
2025-04-09 14:43:57.034584,Jaydev Vihar,35,41,29.79
2025-04-09 14:43:57.035648,Rupali Square,139,48,77.14
2025-04-09 14:43:57.037663,CRP Square,25,35,21.97
2025-04-09 14:44:07.040118,Jaydev Vihar,75,53,47.68
2025-04-09 14:44:07.043146,Rupali Square,44,72,32.84
2025-04-09 14:44:07.045160,CRP Square,149,72,101.59
2025-04-09 14:44:17.047221,Jaydev Vihar,46,52,30.7
2025-04-09 14:44:17.053556,Rupali Square,44,26,26.35
2025-04-09 14:44:17.056098,CRP Square,72,57,116.13
2025-04-09 14:44:27.059321,Jaydev Vihar,72,51,41.57
2025-04-09 14:44:27.062906,Rupali Square,17,67,13.89
2025-04-09 14:44:27.069443,CRP Square,69,40,75.43
2025-04-09 14:44:37.077195,Jaydev Vihar,94,68,59.11
2025-04-09 14:44:37.081181,Rupali Square,62,43,34.58
2025-04-09 14:44:37.085705,CRP Square,21,33,16.86
2025-04-09 14:44:47.095264,Jaydev Vihar,75,26,58.08
2025-04-09 14:44:47.098296,Rupali Square,77,27,83.6
2025-04-09 14:44:47.099847,CRP Square,26,22,47.39
2025-04-09 14:44:57.102067,Jaydev Vihar,64,62,33.63
2025-04-09 14:44:57.104109,Rupali Square,68,65,36.33
2025-04-09 14:44:57.105835,CRP Square,73,75,96.35
2025-04-09 14:45:07.109699,Jaydev Vihar,147,56,94.59
2025-04-09 14:45:07.114672,Rupali Square,12,31,13.93
2025-04-09 14:45:07.116209,CRP Square,137,20,69.33
2025-04-09 14:45:17.119535,Jaydev Vihar,36,69,20.62
2025-04-09 14:45:17.123566,Rupali Square,80,60,124.01
2025-04-09 14:45:17.127856,CRP Square,136,32,101.51
2025-04-09 14:45:27.130780,Jaydev Vihar,115,33,64.2
2025-04-09 14:45:27.132801,Rupali Square,147,62,158.45
2025-04-09 14:45:27.133804,CRP Square,124,32,207.19
2025-04-09 14:45:37.136074,Jaydev Vihar,24,48,47.51
2025-04-09 14:45:37.139106,Rupali Square,125,58,135.75
2025-04-09 14:45:37.141113,CRP Square,126,26,147.53
2025-04-09 14:45:47.143010,Jaydev Vihar,47,49,34.28
2025-04-09 14:45:47.151421,Rupali Square,53,73,55.21
2025-04-09 14:45:47.152423,CRP Square,59,75,58.37
2025-04-09 14:45:57.158460,Jaydev Vihar,76,55,43.32
2025-04-09 14:45:57.186331,Rupali Square,51,79,76.77
2025-04-09 14:45:57.190333,CRP Square,87,63,45.12
2025-04-09 14:46:07.192773,Jaydev Vihar,115,46,104.48
2025-04-09 14:46:07.197769,Rupali Square,144,45,108.29
2025-04-09 14:46:07.197769,CRP Square,75,45,46.07
2025-04-09 14:46:17.200719,Jaydev Vihar,117,51,148.59
2025-04-09 14:46:17.203077,Rupali Square,45,48,38.1
2025-04-09 14:46:17.204079,CRP Square,72,38,46.09
2025-04-09 14:46:27.206337,Jaydev Vihar,109,41,70.98
2025-04-09 14:46:27.207356,Rupali Square,59,24,58.06
2025-04-09 14:46:27.209356,CRP Square,11,75,8.04
2025-04-09 14:46:37.211801,Jaydev Vihar,71,50,53.51
2025-04-09 14:46:37.213820,Rupali Square,136,78,107.14
2025-04-09 14:46:37.215815,CRP Square,61,65,118.74
2025-04-09 14:46:47.218772,Jaydev Vihar,85,21,59.5
2025-04-09 14:46:47.222219,Rupali Square,55,22,48.33
2025-04-09 14:46:47.224702,CRP Square,15,63,9.25
2025-04-09 14:46:57.231128,Jaydev Vihar,57,20,48.63
2025-04-09 14:46:57.233151,Rupali Square,133,34,116.06
2025-04-09 14:46:57.234181,CRP Square,16,48,11.9
2025-04-09 14:47:07.236865,Jaydev Vihar,68,46,49.75
2025-04-09 14:47:07.240132,Rupali Square,96,54,120.15
2025-04-09 14:47:07.242155,CRP Square,91,56,54.18
2025-04-09 14:47:17.248251,Jaydev Vihar,88,47,100.04
2025-04-09 14:47:17.250281,Rupali Square,54,79,70.57
2025-04-09 14:47:17.252276,CRP Square,69,80,115.37
2025-04-09 14:47:27.255521,Jaydev Vihar,107,32,127.28
2025-04-09 14:47:27.258886,Rupali Square,50,61,65.13
2025-04-09 14:47:27.260910,CRP Square,116,41,208.04
2025-04-09 14:47:37.263735,Jaydev Vihar,35,34,19.76
2025-04-09 14:47:37.266190,Rupali Square,80,62,124.49
2025-04-09 14:47:37.267204,CRP Square,50,29,47.78
2025-04-09 14:47:47.268808,Jaydev Vihar,133,51,79.33
2025-04-09 14:47:47.271836,Rupali Square,112,29,218.66
2025-04-09 14:47:47.272827,CRP Square,67,66,48.69
2025-04-09 14:47:57.275289,Jaydev Vihar,87,68,136.63
2025-04-09 14:47:57.275440,Rupali Square,135,78,200.09
2025-04-09 14:47:57.276458,CRP Square,39,27,25.27
2025-04-09 14:48:07.277284,Jaydev Vihar,71,36,116.23
2025-04-09 14:48:07.280328,Rupali Square,63,46,76.24
2025-04-09 14:48:07.281766,CRP Square,20,31,32.32
2025-04-09 14:48:17.284066,Jaydev Vihar,129,68,97.67
2025-04-09 14:48:17.286086,Rupali Square,22,42,13.54
2025-04-09 14:48:17.286086,CRP Square,78,34,82.31
2025-04-09 14:48:27.288531,Jaydev Vihar,96,73,49.62
2025-04-09 14:48:27.290551,Rupali Square,131,35,80.95
2025-04-09 14:48:27.291328,CRP Square,129,65,67.47
2025-04-09 14:48:37.293492,Jaydev Vihar,32,60,32.31
2025-04-09 14:48:37.295728,Rupali Square,17,50,17.75
2025-04-09 14:48:37.296743,CRP Square,139,67,87.31
2025-04-09 14:48:47.298463,Jaydev Vihar,46,63,48.74
2025-04-09 14:48:47.300621,Rupali Square,133,58,201.67
2025-04-09 14:48:47.301635,CRP Square,82,47,51.67
2025-04-09 14:48:57.303734,Jaydev Vihar,38,36,28.78
2025-04-09 14:48:57.305774,Rupali Square,15,56,9.24
2025-04-09 14:48:57.306773,CRP Square,88,25,102.97
2025-04-09 14:49:07.337690,Jaydev Vihar,61,71,63.69
2025-04-09 14:49:07.340279,Rupali Square,52,77,26.19
2025-04-09 14:49:07.341293,CRP Square,40,46,44.83
2025-04-09 14:49:17.348187,Jaydev Vihar,22,26,23.24
2025-04-09 14:49:17.358172,Rupali Square,68,55,50.69
2025-04-09 14:49:17.361300,CRP Square,41,48,64.18
2025-04-09 14:49:27.363455,Jaydev Vihar,126,44,71.57
2025-04-09 14:49:27.364480,Rupali Square,70,56,67.84
2025-04-09 14:49:27.365704,CRP Square,131,55,119.89
2025-04-09 14:49:37.368155,Jaydev Vihar,119,79,102.5
2025-04-09 14:49:37.371184,Rupali Square,24,55,14.99
2025-04-09 14:49:37.373547,CRP Square,33,24,54.15
2025-04-09 14:49:47.377840,Jaydev Vihar,52,52,72.9
2025-04-09 14:49:47.377840,Rupali Square,17,31,18.44
2025-04-09 14:49:47.378849,CRP Square,79,29,64.32
2025-04-09 14:49:57.379868,Jaydev Vihar,34,60,33.27
2025-04-09 14:49:57.381214,Rupali Square,113,52,104.55
2025-04-09 14:49:57.382224,CRP Square,127,70,241.32
2025-04-09 14:50:07.383526,Jaydev Vihar,126,46,234.98
2025-04-09 14:50:07.383526,Rupali Square,128,55,98.9
2025-04-09 14:50:07.384671,CRP Square,35,76,32.93
2025-04-09 14:50:17.386155,Jaydev Vihar,66,27,77.92
2025-04-09 14:50:17.386155,Rupali Square,98,41,77.47
2025-04-09 14:50:17.387532,CRP Square,114,40,85.8
2025-04-09 14:50:27.388622,Jaydev Vihar,95,53,62.14
2025-04-09 14:50:27.388622,Rupali Square,13,73,14.63
2025-04-09 14:50:27.389970,CRP Square,31,79,27.82
2025-04-09 14:50:37.390670,Jaydev Vihar,85,75,63.66
2025-04-09 14:50:37.390670,Rupali Square,26,76,45.79
2025-04-09 14:50:37.391957,CRP Square,91,30,86.25
2025-04-09 14:50:47.393104,Jaydev Vihar,111,22,121.1
2025-04-09 14:50:47.393104,Rupali Square,105,77,56.16
2025-04-09 14:50:47.394315,CRP Square,134,56,100.71
2025-04-09 14:50:57.395440,Jaydev Vihar,60,33,41.74
2025-04-09 14:50:57.395946,Rupali Square,65,53,75.61
2025-04-09 14:50:57.395946,CRP Square,73,47,46.26
2025-04-09 14:51:07.397652,Jaydev Vihar,38,40,19.1
2025-04-09 14:51:07.398156,Rupali Square,113,43,66.67
2025-04-09 14:51:07.398156,CRP Square,144,47,129.36
2025-04-09 14:51:17.399729,Jaydev Vihar,58,45,36.11
2025-04-09 14:51:17.400237,Rupali Square,117,46,63.02
2025-04-09 14:51:17.401269,CRP Square,140,41,276.17
2025-04-09 14:51:27.402564,Jaydev Vihar,133,32,88.41
2025-04-09 14:51:27.402564,Rupali Square,42,42,33.46
2025-04-09 14:51:27.403612,CRP Square,150,51,94.6
2025-04-09 14:51:37.404631,Jaydev Vihar,76,20,99.25
2025-04-09 14:51:37.404631,Rupali Square,130,70,180.08
2025-04-09 14:51:37.405659,CRP Square,87,55,120.1
2025-04-09 14:51:47.406663,Jaydev Vihar,40,69,53.44
2025-04-09 14:51:47.407684,Rupali Square,72,74,102.59
2025-04-09 14:51:47.410947,CRP Square,139,24,176.96
2025-04-09 14:51:57.413465,Jaydev Vihar,112,45,91.7
2025-04-09 14:51:57.413465,Rupali Square,125,44,122.69
2025-04-09 14:51:57.414798,CRP Square,89,36,110.75
2025-04-09 14:52:07.415808,Jaydev Vihar,73,28,103.2
2025-04-09 14:52:07.415808,Rupali Square,150,73,150.65
2025-04-09 14:52:07.415808,CRP Square,39,39,24.47
2025-04-09 14:52:17.417824,Jaydev Vihar,142,28,103.86
2025-04-09 14:52:17.417824,Rupali Square,80,25,50.62
2025-04-09 14:52:17.419099,CRP Square,95,43,70.0
2025-04-09 14:52:27.420086,Jaydev Vihar,97,76,80.96
2025-04-09 14:52:27.420593,Rupali Square,37,54,21.96
2025-04-09 14:52:27.421598,CRP Square,130,51,138.46
2025-04-09 14:52:37.422674,Jaydev Vihar,89,62,67.18
2025-04-09 14:52:37.422674,Rupali Square,53,45,28.95
2025-04-09 14:52:37.423794,CRP Square,117,20,97.83
2025-04-09 14:52:47.424929,Jaydev Vihar,116,24,91.84
2025-04-09 14:52:47.426149,Rupali Square,34,56,33.15
2025-04-09 14:52:47.426149,CRP Square,64,46,65.55
2025-04-09 14:52:57.428076,Jaydev Vihar,142,77,272.01
2025-04-09 14:52:57.429632,Rupali Square,50,71,28.0
2025-04-09 14:52:57.430624,CRP Square,129,38,93.89
2025-04-09 14:53:07.432641,Jaydev Vihar,119,57,73.4
2025-04-09 14:53:07.434839,Rupali Square,133,56,133.55
2025-04-09 14:53:07.437287,CRP Square,91,80,54.89
2025-04-09 14:53:17.438926,Jaydev Vihar,26,75,13.04
2025-04-09 14:53:17.443621,Rupali Square,149,31,149.55
2025-04-09 14:53:17.446386,CRP Square,129,32,121.98
2025-04-09 14:53:27.448478,Jaydev Vihar,143,31,161.65
2025-04-09 14:53:27.451499,Rupali Square,81,22,142.15
2025-04-09 14:53:27.452515,CRP Square,24,40,15.75
2025-04-09 14:53:37.455044,Jaydev Vihar,23,78,13.26
2025-04-09 14:53:37.459075,Rupali Square,25,20,23.56
2025-04-09 14:53:37.470070,CRP Square,104,26,72.62
2025-04-09 14:53:47.472782,Jaydev Vihar,83,35,113.74
2025-04-09 14:53:47.476613,Rupali Square,105,72,177.02
2025-04-09 14:53:47.478643,CRP Square,132,43,94.71
2025-04-09 14:53:57.485655,Jaydev Vihar,89,33,45.52
2025-04-09 14:53:57.488154,Rupali Square,96,54,96.15
2025-04-09 14:53:57.489468,CRP Square,90,68,64.91
2025-04-09 14:54:07.492102,Jaydev Vihar,87,46,129.88
2025-04-09 14:54:07.494148,Rupali Square,94,23,130.94
2025-04-09 14:54:07.496148,CRP Square,61,39,34.89
2025-04-09 14:54:17.497766,Jaydev Vihar,91,50,107.07
2025-04-09 14:54:17.500802,Rupali Square,128,33,161.31
2025-04-09 14:54:17.502995,CRP Square,12,32,17.75
2025-04-09 14:54:27.507825,Jaydev Vihar,20,76,13.12
2025-04-09 14:54:27.509866,Rupali Square,68,35,59.98
2025-04-09 14:54:27.510864,CRP Square,34,21,19.32
2025-04-09 14:54:37.513397,Jaydev Vihar,84,75,44.59
2025-04-09 14:54:37.515433,Rupali Square,30,34,30.77
2025-04-09 14:54:37.516428,CRP Square,142,33,88.51
2025-04-09 14:54:47.518404,Jaydev Vihar,53,69,34.75
2025-04-09 14:54:47.520438,Rupali Square,91,33,74.0
2025-04-09 14:54:47.521443,CRP Square,57,43,77.41
2025-04-09 14:54:57.523308,Jaydev Vihar,86,64,47.8
2025-04-09 14:54:57.525119,Rupali Square,29,65,14.55
2025-04-09 14:54:57.526165,CRP Square,126,28,92.51
2025-04-09 14:55:07.528497,Jaydev Vihar,110,46,119.73
2025-04-09 14:55:07.529531,Rupali Square,140,64,263.03
2025-04-09 14:55:07.530416,CRP Square,81,32,40.93
2025-04-09 14:55:17.532605,Jaydev Vihar,52,49,85.21
2025-04-09 14:55:17.533629,Rupali Square,145,21,139.41
2025-04-09 14:55:17.534630,CRP Square,39,63,48.73
2025-04-09 14:55:27.537959,Jaydev Vihar,50,42,28.35
2025-04-09 14:55:27.542025,Rupali Square,45,42,26.93
2025-04-09 14:55:27.544020,CRP Square,122,26,178.92
2025-04-09 14:55:37.550197,Jaydev Vihar,63,45,62.54
2025-04-09 14:55:37.553216,Rupali Square,144,67,173.56
2025-04-09 14:55:37.555235,CRP Square,71,34,37.1
2025-04-09 14:55:47.557388,Jaydev Vihar,135,55,88.57
2025-04-09 14:55:47.560414,Rupali Square,24,23,16.3
2025-04-09 14:55:47.562414,CRP Square,138,27,80.17
2025-04-09 14:55:57.566769,Jaydev Vihar,42,80,23.41
2025-04-09 14:55:57.569797,Rupali Square,55,29,35.2
2025-04-09 14:55:57.570806,CRP Square,58,25,45.04
2025-04-09 15:02:14.215885,Jaydev Vihar,26,57,27.8
2025-04-09 15:02:14.244888,Rupali Square,29,58,20.82
2025-04-09 15:02:14.255887,CRP Square,142,58,78.19
2025-04-09 15:02:24.264712,Jaydev Vihar,77,75,71.69
2025-04-09 15:02:24.274548,Rupali Square,97,25,99.22
2025-04-09 15:02:24.280554,CRP Square,53,62,39.19
2025-04-09 15:02:34.286673,Jaydev Vihar,149,57,90.36
2025-04-09 15:02:34.289184,Rupali Square,64,41,44.18
2025-04-09 15:02:34.293201,CRP Square,88,45,64.69
2025-04-09 15:02:44.299814,Jaydev Vihar,40,32,28.16
2025-04-09 15:02:44.307186,Rupali Square,63,33,47.83
2025-04-09 15:02:44.325553,CRP Square,22,25,37.18
2025-04-09 15:02:54.354038,Jaydev Vihar,136,40,122.86
2025-04-09 15:02:54.358026,Rupali Square,13,22,10.49
2025-04-09 15:02:54.359102,CRP Square,53,70,55.17
2025-04-09 15:03:04.361923,Jaydev Vihar,145,68,103.86
2025-04-09 15:03:04.364459,Rupali Square,100,61,120.97
2025-04-09 15:03:04.365459,CRP Square,120,50,104.35
2025-04-09 15:03:14.377671,Jaydev Vihar,67,31,56.03
2025-04-09 15:03:14.381679,Rupali Square,56,22,29.16
2025-04-09 15:03:14.382746,CRP Square,17,48,11.31
2025-04-09 15:03:24.384040,Jaydev Vihar,37,68,37.47
2025-04-09 15:03:24.385586,Rupali Square,51,31,34.72
2025-04-09 15:03:24.387924,CRP Square,137,42,270.32
2025-04-09 15:03:34.392824,Jaydev Vihar,24,27,41.34
2025-04-09 15:03:34.394841,Rupali Square,148,34,230.13
2025-04-09 15:03:34.396374,CRP Square,64,40,51.89
2025-04-09 15:03:44.398370,Jaydev Vihar,93,55,83.01
2025-04-09 15:03:44.400221,Rupali Square,33,50,36.06
2025-04-09 15:03:44.407538,CRP Square,112,43,99.77
2025-04-09 15:03:54.413036,Jaydev Vihar,117,58,126.35
2025-04-09 15:03:54.415601,Rupali Square,109,63,56.27
2025-04-09 15:03:54.416797,CRP Square,61,74,88.89
2025-04-09 15:04:04.419130,Jaydev Vihar,57,44,105.68
2025-04-09 15:04:04.421110,Rupali Square,120,33,156.94
2025-04-09 15:04:04.423107,CRP Square,11,65,6.4
2025-04-09 15:04:14.425716,Jaydev Vihar,135,80,83.69
2025-04-09 15:04:14.428023,Rupali Square,65,75,68.69
2025-04-09 15:04:14.430587,CRP Square,97,72,98.79
2025-04-09 15:04:24.440089,Jaydev Vihar,83,67,85.24
2025-04-09 15:04:24.441097,Rupali Square,28,47,23.87
2025-04-09 15:04:24.443098,CRP Square,101,41,99.71
2025-04-09 15:04:34.472515,Jaydev Vihar,82,58,112.82
2025-04-09 15:04:34.563096,Rupali Square,29,54,53.23
2025-04-09 15:04:34.564752,CRP Square,113,40,155.22
2025-04-09 15:04:44.567156,Jaydev Vihar,150,71,99.74
2025-04-09 15:04:44.576058,Rupali Square,35,61,23.71
2025-04-09 15:04:44.580593,CRP Square,67,36,46.36
2025-04-09 15:04:54.588079,Jaydev Vihar,141,37,145.24
2025-04-09 15:04:54.593047,Rupali Square,126,64,189.55
2025-04-09 15:04:54.600045,CRP Square,60,71,31.6
2025-04-09 15:05:04.602921,Jaydev Vihar,95,49,66.36
2025-04-09 15:05:04.604951,Rupali Square,83,69,41.82
2025-04-09 15:05:04.606949,CRP Square,108,21,126.13
2025-04-09 15:05:14.614204,Jaydev Vihar,140,36,136.87
2025-04-09 15:05:14.616424,Rupali Square,147,40,103.73
2025-04-09 15:05:14.617750,CRP Square,55,44,29.94
2025-04-09 15:05:24.621640,Jaydev Vihar,19,27,14.4
2025-04-09 15:05:24.623855,Rupali Square,33,35,32.03
2025-04-09 15:05:24.626046,CRP Square,132,55,97.0
2025-04-09 15:05:34.631925,Jaydev Vihar,77,64,82.96
2025-04-09 15:05:34.635955,Rupali Square,57,73,81.15
2025-04-09 15:05:34.638795,CRP Square,10,26,6.3
2025-04-09 15:05:44.642214,Jaydev Vihar,81,38,52.76
2025-04-09 15:05:44.650423,Rupali Square,102,34,110.95
2025-04-09 15:05:44.652949,CRP Square,88,39,121.69
2025-04-09 15:05:54.667890,Jaydev Vihar,149,78,78.31
2025-04-09 15:05:54.670367,Rupali Square,44,28,23.94
2025-04-09 15:05:54.670891,CRP Square,80,76,40.79
2025-04-09 15:06:04.672477,Jaydev Vihar,52,77,27.72
2025-04-09 15:06:04.675261,Rupali Square,71,75,47.42
2025-04-09 15:06:04.677283,CRP Square,116,33,133.29
2025-04-09 15:06:14.683181,Jaydev Vihar,125,44,108.24
2025-04-09 15:06:14.684154,Rupali Square,44,70,26.26
2025-04-09 15:06:14.685158,CRP Square,102,46,74.19
2025-04-09 15:06:24.687397,Jaydev Vihar,96,65,111.34
2025-04-09 15:06:24.690454,Rupali Square,118,61,204.52
2025-04-09 15:06:24.691472,CRP Square,116,48,223.66
2025-04-09 15:06:34.693960,Jaydev Vihar,49,80,37.57
2025-04-09 15:06:34.695940,Rupali Square,129,59,68.54
2025-04-09 15:06:34.696938,CRP Square,81,39,50.28
2025-04-09 15:06:44.699556,Jaydev Vihar,80,79,51.25
2025-04-09 15:06:44.701302,Rupali Square,68,34,39.9
2025-04-09 15:06:44.703608,CRP Square,117,30,58.88
2025-04-09 15:06:54.705409,Jaydev Vihar,83,38,101.18
2025-04-09 15:06:54.706426,Rupali Square,14,25,7.57
2025-04-09 15:06:54.707419,CRP Square,74,49,63.21
2025-04-09 15:07:04.708462,Jaydev Vihar,133,62,76.88
2025-04-09 15:07:04.711488,Rupali Square,53,36,63.7
2025-04-09 15:07:04.712489,CRP Square,135,46,85.65
2025-04-09 15:07:14.715334,Jaydev Vihar,107,34,94.76
2025-04-09 15:07:14.717369,Rupali Square,61,22,100.61
2025-04-09 15:07:14.720367,CRP Square,12,28,6.46
2025-04-09 15:07:24.721909,Jaydev Vihar,138,28,116.52
2025-04-09 15:07:24.722940,Rupali Square,120,30,110.28
2025-04-09 15:07:24.724765,CRP Square,77,75,50.16
2025-04-09 15:07:34.727123,Jaydev Vihar,40,56,20.12
2025-04-09 15:07:34.728638,Rupali Square,99,48,87.93
2025-04-09 15:07:34.729639,CRP Square,85,55,123.12
2025-04-09 15:07:44.733851,Jaydev Vihar,126,59,79.77
2025-04-09 15:07:44.737696,Rupali Square,126,64,103.8
2025-04-09 15:07:44.741800,CRP Square,12,65,7.55
2025-04-09 15:07:54.744222,Jaydev Vihar,56,35,30.65
2025-04-09 15:07:54.746239,Rupali Square,25,45,40.28
2025-04-09 15:07:54.747614,CRP Square,47,72,34.46
2025-04-09 15:08:04.750013,Jaydev Vihar,61,70,51.21
2025-04-09 15:08:04.753042,Rupali Square,44,54,30.13
2025-04-09 15:08:04.754040,CRP Square,49,28,34.66
2025-04-09 15:08:14.756404,Jaydev Vihar,17,50,10.99
2025-04-09 15:08:14.759916,Rupali Square,108,20,95.57
2025-04-09 15:08:14.761928,CRP Square,138,48,70.87
2025-04-09 15:08:24.765414,Jaydev Vihar,100,22,74.04
2025-04-09 15:08:24.766429,Rupali Square,49,57,58.63
2025-04-09 15:08:24.767800,CRP Square,114,25,57.68
2025-04-09 15:08:34.770315,Jaydev Vihar,136,49,91.13
2025-04-09 15:08:34.779380,Rupali Square,59,58,45.38
2025-04-09 15:08:34.780939,CRP Square,124,69,127.8
2025-04-09 15:08:44.783022,Jaydev Vihar,31,37,19.58
2025-04-09 15:08:44.784468,Rupali Square,139,40,69.69
2025-04-09 15:08:44.786396,CRP Square,97,68,155.08
2025-04-09 15:08:54.788408,Jaydev Vihar,148,36,111.18
2025-04-09 15:08:54.790423,Rupali Square,108,73,92.34
2025-04-09 15:08:54.791423,CRP Square,15,45,9.79
2025-04-09 15:09:04.794866,Jaydev Vihar,125,33,120.14
2025-04-09 15:09:04.797915,Rupali Square,49,46,32.23
2025-04-09 15:09:04.799912,CRP Square,61,37,65.8
2025-04-09 15:09:14.802064,Jaydev Vihar,89,67,52.26
2025-04-09 15:09:14.803092,Rupali Square,41,54,32.14
2025-04-09 15:09:14.804366,CRP Square,48,34,28.84
2025-04-09 15:09:24.807039,Jaydev Vihar,64,64,57.51
2025-04-09 15:09:24.809086,Rupali Square,91,25,61.03
2025-04-09 15:09:24.810242,CRP Square,116,58,118.39
2025-04-09 15:09:34.813236,Jaydev Vihar,93,62,94.36
2025-04-09 15:09:34.815253,Rupali Square,137,58,86.0
2025-04-09 15:09:34.816255,CRP Square,120,28,82.61
2025-04-09 15:09:44.818262,Jaydev Vihar,45,61,42.58
2025-04-09 15:09:44.820322,Rupali Square,70,44,78.6
2025-04-09 15:09:44.825117,CRP Square,51,57,41.2
2025-04-09 15:09:54.832634,Jaydev Vihar,13,50,14.38
2025-04-09 15:09:54.837124,Rupali Square,12,43,23.69
2025-04-09 15:09:54.840348,CRP Square,63,51,33.47
2025-04-09 15:10:04.842378,Jaydev Vihar,25,54,24.44
2025-04-09 15:10:04.844419,Rupali Square,139,70,71.79
2025-04-09 15:10:04.845426,CRP Square,129,34,80.82
2025-04-09 15:10:14.847703,Jaydev Vihar,139,56,90.7
2025-04-09 15:10:14.879728,Rupali Square,59,79,50.96
2025-04-09 15:10:14.881246,CRP Square,61,36,117.89
2025-04-09 15:10:24.883705,Jaydev Vihar,45,47,35.47
2025-04-09 15:10:24.887721,Rupali Square,73,46,80.71
2025-04-09 15:10:24.888716,CRP Square,28,48,14.03
2025-04-09 15:10:34.891855,Jaydev Vihar,83,70,103.82
2025-04-09 15:10:34.892889,Rupali Square,131,54,129.77
2025-04-09 15:10:34.893883,CRP Square,116,25,168.55
2025-04-09 15:10:44.895686,Jaydev Vihar,81,34,118.69
2025-04-09 15:10:44.896714,Rupali Square,16,62,31.94
2025-04-09 15:10:44.897709,CRP Square,130,52,109.53
2025-04-09 15:10:54.899723,Jaydev Vihar,135,28,194.69
2025-04-09 15:10:54.901737,Rupali Square,137,64,183.77
2025-04-09 15:10:54.903735,CRP Square,22,58,13.05
2025-04-09 15:11:04.909464,Jaydev Vihar,75,28,82.74
2025-04-09 15:11:04.911634,Rupali Square,46,42,47.94
2025-04-09 15:11:04.912649,CRP Square,24,73,12.56
2025-04-09 15:11:14.914483,Jaydev Vihar,49,44,65.1
2025-04-09 15:11:14.915924,Rupali Square,39,75,32.61
2025-04-09 15:11:14.916871,CRP Square,82,57,55.38
2025-04-09 15:11:24.918828,Jaydev Vihar,96,23,97.28
2025-04-09 15:11:24.919869,Rupali Square,71,25,85.83
2025-04-09 15:11:24.921864,CRP Square,129,64,68.57
2025-04-09 15:11:34.923144,Jaydev Vihar,14,35,9.13
2025-04-09 15:11:34.925187,Rupali Square,108,58,149.98
2025-04-09 15:11:34.926184,CRP Square,34,56,30.14
2025-04-09 15:11:44.928515,Jaydev Vihar,87,45,68.04
2025-04-09 15:11:44.929528,Rupali Square,39,80,31.14
2025-04-09 15:11:44.930932,CRP Square,27,51,19.49
2025-04-09 15:11:54.932177,Jaydev Vihar,104,39,113.59
2025-04-09 15:11:54.936185,Rupali Square,80,62,52.4
2025-04-09 15:11:54.938212,CRP Square,47,20,40.3
2025-04-09 15:12:04.942203,Jaydev Vihar,90,73,55.87
2025-04-09 15:12:04.943248,Rupali Square,137,61,112.5
2025-04-09 15:12:04.945240,CRP Square,28,67,16.71
2025-04-09 15:12:14.946702,Jaydev Vihar,118,57,200.03
2025-04-09 15:12:14.947729,Rupali Square,64,43,52.01
2025-04-09 15:12:14.948784,CRP Square,75,55,91.92
2025-04-09 15:12:24.950841,Jaydev Vihar,126,47,91.04
2025-04-09 15:12:24.952861,Rupali Square,113,51,110.83
2025-04-09 15:12:24.954858,CRP Square,138,22,238.91
2025-04-09 15:12:34.965080,Jaydev Vihar,12,80,9.72
2025-04-09 15:12:34.972947,Rupali Square,92,26,52.54
2025-04-09 15:12:34.974271,CRP Square,30,76,25.35
2025-04-09 15:12:44.976325,Jaydev Vihar,63,80,99.39
2025-04-09 15:12:44.979781,Rupali Square,109,39,127.2
2025-04-09 15:12:44.982170,CRP Square,33,76,38.81
2025-04-09 15:12:54.986170,Jaydev Vihar,78,72,55.13
2025-04-09 15:12:54.988178,Rupali Square,23,75,15.24
2025-04-09 15:12:54.995502,CRP Square,58,69,41.45
2025-04-09 15:13:04.997598,Jaydev Vihar,102,21,176.54
2025-04-09 15:13:05.000166,Rupali Square,42,24,62.86
2025-04-09 15:13:05.001165,CRP Square,27,74,13.77
2025-04-09 15:13:15.008151,Jaydev Vihar,126,32,111.26
2025-04-09 15:13:15.009163,Rupali Square,118,47,103.93
2025-04-09 15:13:15.010543,CRP Square,10,29,5.11
2025-04-09 15:13:25.013256,Jaydev Vihar,55,24,79.69
2025-04-09 15:13:25.015635,Rupali Square,129,45,91.04
2025-04-09 15:13:25.016654,CRP Square,38,42,28.04
2025-04-09 15:13:35.018781,Jaydev Vihar,27,44,17.06
2025-04-09 15:13:35.018781,Rupali Square,47,30,42.51
2025-04-09 15:13:35.020218,CRP Square,44,40,62.29
2025-04-09 15:13:45.020828,Jaydev Vihar,10,64,13.85
2025-04-09 15:13:45.021871,Rupali Square,50,48,26.55
2025-04-09 15:13:45.022865,CRP Square,63,73,87.82
2025-04-09 15:13:55.024855,Jaydev Vihar,83,64,52.4
2025-04-09 15:13:55.026899,Rupali Square,129,25,84.97
2025-04-09 15:13:55.027894,CRP Square,135,55,87.25
2025-04-09 15:14:05.030325,Jaydev Vihar,131,45,174.0
2025-04-09 15:14:05.032349,Rupali Square,126,33,66.43
2025-04-09 15:14:05.034343,CRP Square,32,79,20.07
2025-04-09 15:14:15.035902,Jaydev Vihar,56,46,39.36
2025-04-09 15:14:15.035902,Rupali Square,113,71,133.53
2025-04-09 15:14:15.037294,CRP Square,38,43,59.57
2025-04-09 15:14:25.038040,Jaydev Vihar,142,22,173.68
2025-04-09 15:14:25.042070,Rupali Square,46,77,41.49
2025-04-09 15:14:25.043068,CRP Square,71,72,36.01
2025-04-09 15:14:35.047278,Jaydev Vihar,134,40,81.56
2025-04-09 15:14:35.048702,Rupali Square,135,42,184.69
2025-04-09 15:14:35.049785,CRP Square,95,41,162.73
2025-04-09 15:14:45.051549,Jaydev Vihar,36,64,33.67
2025-04-09 15:14:45.052576,Rupali Square,93,47,80.35
2025-04-09 15:14:45.054062,CRP Square,37,51,26.4
2025-04-09 15:14:55.055742,Jaydev Vihar,77,50,59.96
2025-04-09 15:14:55.057772,Rupali Square,113,35,92.68
2025-04-09 15:14:55.058847,CRP Square,137,77,105.28
2025-04-09 15:15:05.061577,Jaydev Vihar,78,35,48.29
2025-04-09 15:15:05.064056,Rupali Square,53,44,45.25
2025-04-09 15:15:05.066063,CRP Square,40,49,22.55
2025-04-09 15:15:15.070755,Jaydev Vihar,31,35,16.05
2025-04-09 15:15:15.072775,Rupali Square,131,60,134.37
2025-04-09 15:15:15.073775,CRP Square,33,21,26.67
2025-04-09 15:15:25.075897,Jaydev Vihar,94,63,47.24
2025-04-09 15:15:25.079079,Rupali Square,28,48,15.45
2025-04-09 15:15:25.080106,CRP Square,41,79,41.1
2025-04-09 15:15:35.084606,Jaydev Vihar,42,64,35.28
2025-04-09 15:15:35.086659,Rupali Square,77,59,79.71
2025-04-09 15:15:35.088659,CRP Square,18,43,15.39
2025-04-09 15:15:45.093685,Jaydev Vihar,82,76,96.02
2025-04-09 15:15:45.095723,Rupali Square,82,53,77.6
2025-04-09 15:15:45.096720,CRP Square,127,65,164.41
2025-04-09 15:15:55.099594,Jaydev Vihar,51,61,40.47
2025-04-09 15:15:55.100632,Rupali Square,116,47,63.09
2025-04-09 15:15:55.102409,CRP Square,118,38,73.24
2025-04-09 15:16:05.105637,Jaydev Vihar,132,56,193.83
2025-04-09 15:16:05.107632,Rupali Square,80,57,83.47
2025-04-09 15:16:05.108631,CRP Square,138,25,86.97
2025-04-09 15:16:15.110802,Jaydev Vihar,104,34,54.88
2025-04-09 15:16:15.112838,Rupali Square,104,24,70.32
2025-04-09 15:16:15.114841,CRP Square,119,41,78.95
2025-04-09 15:16:25.117282,Jaydev Vihar,65,56,101.45
2025-04-09 15:16:25.119321,Rupali Square,86,67,65.29
2025-04-09 15:16:25.120317,CRP Square,66,27,46.39
2025-04-09 15:16:35.122763,Jaydev Vihar,16,51,14.77
2025-04-09 15:16:35.124789,Rupali Square,114,68,74.63
2025-04-09 15:16:35.126293,CRP Square,30,53,42.98
2025-04-09 15:16:45.128243,Jaydev Vihar,54,78,33.71
2025-04-09 15:16:45.129272,Rupali Square,60,44,82.96
2025-04-09 15:16:45.131268,CRP Square,13,78,12.96
2025-04-09 15:16:55.133000,Jaydev Vihar,46,45,36.62
2025-04-09 15:16:55.134035,Rupali Square,103,23,99.92
2025-04-09 15:16:55.136020,CRP Square,125,58,146.96
2025-04-09 15:17:05.137826,Jaydev Vihar,77,21,76.41
2025-04-09 15:17:05.138869,Rupali Square,54,73,31.87
2025-04-09 15:17:05.141250,CRP Square,121,59,77.91
2025-04-09 15:17:15.200702,Jaydev Vihar,53,65,39.36
2025-04-09 15:17:15.224861,Rupali Square,85,28,42.56
2025-04-09 15:17:15.227400,CRP Square,144,76,146.26
2025-04-09 15:17:25.232623,Jaydev Vihar,17,34,13.19
2025-04-09 15:17:25.250511,Rupali Square,128,58,93.31
2025-04-09 15:17:25.255302,CRP Square,43,21,37.51
2025-04-09 15:17:35.260184,Jaydev Vihar,103,34,58.07
2025-04-09 15:17:35.262208,Rupali Square,103,43,128.55
2025-04-09 15:17:35.263207,CRP Square,14,36,9.52
2025-04-09 15:17:45.265516,Jaydev Vihar,10,21,6.0
2025-04-09 15:17:45.267563,Rupali Square,12,28,7.04
2025-04-09 15:17:45.268563,CRP Square,83,72,128.53
2025-04-09 15:17:55.271148,Jaydev Vihar,127,38,85.4
2025-04-09 15:17:55.275176,Rupali Square,19,30,10.92
2025-04-09 15:17:55.276186,CRP Square,31,78,37.91
2025-04-09 15:18:05.280827,Jaydev Vihar,93,22,79.28
2025-04-09 15:18:05.282070,Rupali Square,149,46,91.02
2025-04-09 15:18:05.283071,CRP Square,82,25,135.13
2025-04-09 15:18:15.285098,Jaydev Vihar,43,66,30.01
2025-04-09 15:18:15.289114,Rupali Square,127,73,174.34
2025-04-09 15:18:15.291483,CRP Square,38,49,26.1
2025-04-09 15:18:25.293894,Jaydev Vihar,94,60,112.98
2025-04-09 15:18:25.295907,Rupali Square,56,20,28.73
2025-04-09 15:18:25.296908,CRP Square,17,80,9.9
2025-04-09 15:18:35.300387,Jaydev Vihar,85,68,45.61
2025-04-09 15:18:35.301410,Rupali Square,56,78,39.94
2025-04-09 15:18:35.303700,CRP Square,52,66,27.51
2025-04-09 15:18:45.305621,Jaydev Vihar,67,51,94.27
2025-04-09 15:18:45.306643,Rupali Square,120,36,103.19
2025-04-09 15:18:45.308636,CRP Square,132,60,141.31
2025-04-09 15:18:55.311275,Jaydev Vihar,13,76,13.86
2025-04-09 15:18:55.315309,Rupali Square,48,50,31.48
2025-04-09 15:18:55.317810,CRP Square,142,36,82.39
2025-04-09 15:19:05.321775,Jaydev Vihar,123,66,113.54
2025-04-09 15:19:05.324799,Rupali Square,29,42,23.07
2025-04-09 15:19:05.326796,CRP Square,70,52,41.45
2025-04-09 15:19:15.330313,Jaydev Vihar,94,73,72.69
2025-04-09 15:19:15.332307,Rupali Square,19,30,17.22
2025-04-09 15:19:15.335818,CRP Square,130,64,120.73
2025-04-09 15:19:25.338570,Jaydev Vihar,24,66,42.34
2025-04-09 15:19:25.340649,Rupali Square,113,50,69.74
2025-04-09 15:19:25.342992,CRP Square,56,67,34.78
2025-04-09 15:19:35.344731,Jaydev Vihar,13,65,13.78
2025-04-09 15:19:35.345704,Rupali Square,134,38,87.23
2025-04-09 15:19:35.346704,CRP Square,79,31,114.03
2025-04-09 15:19:45.348866,Jaydev Vihar,21,56,10.95
2025-04-09 15:19:45.350889,Rupali Square,34,74,23.43
2025-04-09 15:19:45.352888,CRP Square,60,56,60.13
2025-04-09 15:19:55.355446,Jaydev Vihar,103,32,59.87
2025-04-09 15:19:55.357764,Rupali Square,117,66,58.53
2025-04-09 15:19:55.359763,CRP Square,20,75,30.96
2025-04-09 15:20:05.361411,Jaydev Vihar,129,55,75.08
2025-04-09 15:20:05.364465,Rupali Square,123,74,86.03
2025-04-09 15:20:05.366457,CRP Square,33,24,18.32
2025-04-09 15:20:15.370610,Jaydev Vihar,73,54,60.68
2025-04-09 15:20:15.371634,Rupali Square,35,61,43.08
2025-04-09 15:20:15.372635,CRP Square,81,35,42.69
2025-04-09 15:20:25.375345,Jaydev Vihar,52,66,66.29
2025-04-09 15:20:25.376879,Rupali Square,137,45,150.56
2025-04-09 15:20:25.377875,CRP Square,63,73,44.1
2025-04-09 15:20:35.380729,Jaydev Vihar,85,66,45.05
2025-04-09 15:20:35.382844,Rupali Square,115,57,87.82
2025-04-09 15:20:35.383746,CRP Square,71,68,56.03
2025-04-09 15:20:45.396008,Jaydev Vihar,143,40,246.21
2025-04-09 15:20:45.399008,Rupali Square,97,73,66.67
2025-04-09 15:20:45.407012,CRP Square,136,36,226.56
2025-04-09 15:20:55.408819,Jaydev Vihar,68,53,96.75
2025-04-09 15:20:55.414847,Rupali Square,90,37,59.85
2025-04-09 15:20:55.419060,CRP Square,63,49,45.77
2025-04-09 15:21:05.420969,Jaydev Vihar,76,21,53.31
2025-04-09 15:21:05.421978,Rupali Square,61,46,73.1
2025-04-09 15:21:05.423152,CRP Square,147,42,180.3
2025-04-09 15:21:15.424520,Jaydev Vihar,62,50,110.66
2025-04-09 15:21:15.425543,Rupali Square,100,58,109.54
2025-04-09 15:21:15.426534,CRP Square,42,33,23.57
2025-04-09 15:21:25.429445,Jaydev Vihar,136,59,174.73
2025-04-09 15:21:25.430465,Rupali Square,37,40,50.72
2025-04-09 15:21:25.432461,CRP Square,55,45,92.77
2025-04-09 15:21:35.434243,Jaydev Vihar,125,55,167.56
2025-04-09 15:21:35.436443,Rupali Square,106,76,80.98
2025-04-09 15:21:35.438464,CRP Square,68,31,104.62
2025-04-09 15:21:45.443773,Jaydev Vihar,13,70,9.41
2025-04-09 15:21:45.444799,Rupali Square,125,32,118.32
2025-04-09 15:21:45.445802,CRP Square,45,25,88.47
2025-04-09 15:21:55.448335,Jaydev Vihar,68,74,62.06
2025-04-09 15:21:55.449377,Rupali Square,21,25,15.83
2025-04-09 15:21:55.450664,CRP Square,52,69,48.52
2025-04-09 15:22:05.452752,Jaydev Vihar,76,56,54.08
2025-04-09 15:22:05.455777,Rupali Square,44,58,23.79
2025-04-09 15:22:05.457770,CRP Square,46,30,27.39
2025-04-09 15:22:15.459735,Jaydev Vihar,148,49,82.41
2025-04-09 15:22:15.465130,Rupali Square,93,51,64.54
2025-04-09 15:22:15.466376,CRP Square,72,33,36.71
2025-04-09 15:22:25.471110,Jaydev Vihar,24,48,25.35
2025-04-09 15:22:25.479390,Rupali Square,25,36,14.82
2025-04-09 15:22:25.482597,CRP Square,63,80,53.18
2025-04-09 15:22:35.488402,Jaydev Vihar,102,54,70.39
2025-04-09 15:22:35.490404,Rupali Square,10,79,7.99
2025-04-09 15:22:35.492480,CRP Square,25,75,29.07
2025-04-09 15:22:45.493792,Jaydev Vihar,119,78,155.95
2025-04-09 15:22:45.493792,Rupali Square,27,60,46.37
2025-04-09 15:22:45.496301,CRP Square,24,71,44.13
2025-04-09 15:22:55.497574,Jaydev Vihar,75,62,76.72
2025-04-09 15:22:55.500550,Rupali Square,16,56,8.97
2025-04-09 15:22:55.503948,CRP Square,20,29,14.68
2025-04-09 15:23:05.507526,Jaydev Vihar,102,31,67.25
2025-04-09 15:23:05.510607,Rupali Square,86,37,115.49
2025-04-09 15:23:05.512604,CRP Square,33,78,23.38
2025-04-09 15:23:15.515032,Jaydev Vihar,44,53,42.67
2025-04-09 15:23:15.517454,Rupali Square,103,37,54.84
2025-04-09 15:23:15.518460,CRP Square,125,28,93.61
2025-04-09 15:23:25.521083,Jaydev Vihar,65,79,50.51
2025-04-09 15:23:25.523101,Rupali Square,90,21,91.21
2025-04-09 15:23:25.527894,CRP Square,54,74,96.78
2025-04-09 15:23:35.530548,Jaydev Vihar,140,37,91.32
2025-04-09 15:23:35.533873,Rupali Square,78,37,102.99
2025-04-09 15:23:35.536080,CRP Square,24,33,12.21
2025-04-09 15:23:45.538815,Jaydev Vihar,109,55,76.05
2025-04-09 15:23:45.540858,Rupali Square,144,37,282.88
2025-04-09 15:23:45.543324,CRP Square,22,80,13.01
2025-04-09 15:23:55.547064,Jaydev Vihar,132,22,111.19
2025-04-09 15:23:55.550403,Rupali Square,73,48,51.79
2025-04-09 15:23:55.559891,CRP Square,22,35,19.77
2025-04-09 15:24:05.565393,Jaydev Vihar,122,40,139.33
2025-04-09 15:24:05.567414,Rupali Square,56,50,30.54
2025-04-09 15:24:05.569420,CRP Square,15,22,15.6
2025-04-09 15:24:15.571976,Jaydev Vihar,71,46,49.84
2025-04-09 15:24:15.573999,Rupali Square,93,23,78.0
2025-04-09 15:24:15.578997,CRP Square,143,44,76.79
2025-04-09 15:24:25.582258,Jaydev Vihar,147,50,154.36
2025-04-09 15:24:25.584674,Rupali Square,123,58,89.47
2025-04-09 15:24:25.585691,CRP Square,60,22,37.54
2025-04-09 15:24:35.587686,Jaydev Vihar,137,62,134.59
2025-04-09 15:24:35.589706,Rupali Square,50,77,31.19
2025-04-09 15:24:35.590701,CRP Square,91,25,143.91
2025-04-09 15:24:45.592723,Jaydev Vihar,45,50,42.66
2025-04-09 15:24:45.597774,Rupali Square,34,68,21.96
2025-04-09 15:24:45.599770,CRP Square,80,68,103.69
2025-04-09 15:24:55.603777,Jaydev Vihar,31,44,32.26
2025-04-09 15:24:55.605579,Rupali Square,48,53,79.26
2025-04-09 15:24:55.607598,CRP Square,129,38,72.23
2025-04-09 15:25:05.610516,Jaydev Vihar,112,68,207.37
2025-04-09 15:25:05.614753,Rupali Square,58,46,40.78
2025-04-09 15:25:05.616280,CRP Square,138,74,138.12
2025-04-09 15:25:15.635764,Jaydev Vihar,53,21,27.67
2025-04-09 15:25:15.719592,Rupali Square,79,55,89.9
2025-04-09 15:25:15.720995,CRP Square,43,43,42.5
2025-04-09 15:25:25.729742,Jaydev Vihar,41,65,36.09
2025-04-09 15:25:25.731147,Rupali Square,137,66,133.29
2025-04-09 15:25:25.733139,CRP Square,146,39,103.19
2025-04-09 15:25:35.734960,Jaydev Vihar,145,30,101.8
2025-04-09 15:25:35.737505,Rupali Square,30,49,20.2
2025-04-09 15:25:35.740503,CRP Square,81,20,57.45
2025-04-09 15:25:45.744428,Jaydev Vihar,150,74,173.12
2025-04-09 15:25:45.747450,Rupali Square,38,40,32.21
2025-04-09 15:25:45.748449,CRP Square,112,52,114.19
2025-04-09 15:25:55.751152,Jaydev Vihar,35,72,30.73
2025-04-09 15:25:55.753582,Rupali Square,98,53,136.22
2025-04-09 15:25:55.755584,CRP Square,88,46,44.09
2025-04-09 15:26:05.757604,Jaydev Vihar,121,46,181.35
2025-04-09 15:26:05.760890,Rupali Square,54,31,36.81
2025-04-09 15:26:05.762909,CRP Square,135,31,227.24
2025-04-09 15:26:15.767664,Jaydev Vihar,121,78,77.57
2025-04-09 15:26:15.772425,Rupali Square,51,21,55.37
2025-04-09 15:26:15.778566,CRP Square,84,54,47.39
2025-04-09 15:26:25.780724,Jaydev Vihar,80,28,40.74
2025-04-09 15:26:25.783895,Rupali Square,31,58,17.37
2025-04-09 15:26:25.785381,CRP Square,139,60,71.35
2025-04-09 15:26:35.787013,Jaydev Vihar,34,28,20.99
2025-04-09 15:26:35.794064,Rupali Square,137,28,76.52
2025-04-09 15:26:35.798062,CRP Square,27,55,42.59
2025-04-09 15:26:45.800624,Jaydev Vihar,84,63,162.95
2025-04-09 15:26:45.802641,Rupali Square,133,41,169.78
2025-04-09 15:26:45.803653,CRP Square,69,57,91.35
2025-04-09 15:26:55.809037,Jaydev Vihar,31,29,16.16
2025-04-09 15:26:55.822348,Rupali Square,75,65,81.47
2025-04-09 15:26:55.825349,CRP Square,86,67,52.86
2025-04-09 15:27:05.828056,Jaydev Vihar,86,39,80.26
2025-04-09 15:27:05.831067,Rupali Square,31,24,24.41
2025-04-09 15:27:05.832079,CRP Square,13,77,12.28
2025-04-09 15:27:15.834214,Jaydev Vihar,98,66,62.11
2025-04-09 15:27:15.837189,Rupali Square,24,76,16.17
2025-04-09 15:27:15.839185,CRP Square,146,30,85.42
2025-04-09 15:27:25.847302,Jaydev Vihar,37,60,37.95
2025-04-09 15:27:25.851322,Rupali Square,116,73,83.2
2025-04-09 15:27:25.853385,CRP Square,111,45,109.68
2025-04-09 15:27:35.855668,Jaydev Vihar,112,29,100.44
2025-04-09 15:27:35.857320,Rupali Square,149,55,78.92
2025-04-09 15:27:35.858388,CRP Square,50,62,38.45
2025-04-09 15:27:45.860586,Jaydev Vihar,79,46,85.85
2025-04-09 15:27:45.862632,Rupali Square,14,51,11.18
2025-04-09 15:27:45.864650,CRP Square,100,32,51.8
2025-04-09 15:27:55.866968,Jaydev Vihar,80,30,98.41
2025-04-09 15:27:55.868992,Rupali Square,95,28,48.2
2025-04-09 15:27:55.870991,CRP Square,43,45,68.59
2025-04-09 15:28:05.872958,Jaydev Vihar,71,33,44.79
2025-04-09 15:28:05.876402,Rupali Square,44,37,45.11
2025-04-09 15:28:05.877398,CRP Square,70,48,62.25
2025-04-09 15:28:15.879821,Jaydev Vihar,119,53,93.67
2025-04-09 15:28:15.882376,Rupali Square,135,49,68.52
2025-04-09 15:28:15.883376,CRP Square,18,68,16.74
2025-04-09 15:28:25.885773,Jaydev Vihar,27,31,53.42
2025-04-09 15:28:25.889805,Rupali Square,33,50,41.1
2025-04-09 15:28:25.891803,CRP Square,86,43,98.59
2025-04-09 15:28:35.895908,Jaydev Vihar,88,35,49.53
2025-04-09 15:28:35.897205,Rupali Square,130,54,125.32
2025-04-09 15:28:35.899532,CRP Square,21,59,12.46
2025-04-09 15:28:45.901149,Jaydev Vihar,76,48,49.48
2025-04-09 15:28:45.903174,Rupali Square,12,36,8.69
2025-04-09 15:28:45.904176,CRP Square,75,40,114.8
2025-04-09 15:28:55.906375,Jaydev Vihar,134,78,96.7
2025-04-09 15:28:55.911504,Rupali Square,80,62,100.29
2025-04-09 15:28:55.915548,CRP Square,62,77,55.22
2025-04-09 15:29:05.917246,Jaydev Vihar,104,61,197.3
2025-04-09 15:29:05.920549,Rupali Square,150,27,126.12
2025-04-09 15:29:05.922236,CRP Square,74,60,39.55
2025-04-09 15:29:15.928154,Jaydev Vihar,99,74,77.93
2025-04-09 15:29:15.931210,Rupali Square,24,60,12.78
2025-04-09 15:29:15.932966,CRP Square,110,78,158.09
2025-04-09 15:29:25.936252,Jaydev Vihar,145,33,195.8
2025-04-09 15:29:25.939247,Rupali Square,101,49,67.19
2025-04-09 15:29:25.941243,CRP Square,23,22,33.73
2025-04-09 15:29:35.945042,Jaydev Vihar,85,80,94.03
2025-04-09 15:29:35.947061,Rupali Square,111,35,125.02
2025-04-09 15:29:35.948064,CRP Square,146,34,74.48
2025-04-09 15:29:45.950360,Jaydev Vihar,45,53,62.84
2025-04-09 15:29:45.952385,Rupali Square,110,36,90.55
2025-04-09 15:29:45.954655,CRP Square,123,46,81.66
2025-04-09 15:29:55.956336,Jaydev Vihar,28,35,14.32
2025-04-09 15:29:55.958261,Rupali Square,44,36,28.04
2025-04-09 15:29:55.959277,CRP Square,23,79,16.59
2025-04-09 15:30:05.983766,Jaydev Vihar,40,55,25.33
2025-04-09 15:30:06.005922,Rupali Square,65,67,70.41
2025-04-09 15:30:06.016307,CRP Square,127,37,96.2
